"","","all.predict"
"1",530330001001,3
"2",530330001002,3
"3",530330001003,3
"4",530330001004,3
"5",530330001005,3
"6",530330002001,3
"7",530330002002,3
"8",530330002003,3
"9",530330002004,3
"10",530330002005,3
"11",530330002006,3
"12",530330003001,3
"13",530330003002,3
"14",530330004011,3
"15",530330004012,3
"16",530330004013,3
"17",530330004021,3
"18",530330004022,3
"19",530330004023,3
"20",530330004024,3
"21",530330005001,3
"22",530330005002,3
"23",530330005003,3
"24",530330006001,3
"25",530330006002,3
"26",530330006003,3
"27",530330006004,3
"28",530330006005,3
"29",530330006006,3
"30",530330007001,3
"31",530330007002,3
"32",530330007003,3
"33",530330007004,3
"34",530330008001,3
"35",530330008002,3
"36",530330009001,3
"37",530330009002,3
"38",530330010001,3
"39",530330010002,3
"40",530330011001,3
"41",530330011002,3
"42",530330012001,3
"43",530330012002,3
"44",530330012003,3
"45",530330012004,3
"46",530330012005,3
"47",530330013001,3
"48",530330013002,3
"49",530330013003,3
"50",530330014001,3
"51",530330014002,3
"52",530330014003,3
"53",530330014004,3
"54",530330015001,3
"55",530330015002,3
"56",530330016001,3
"57",530330016002,3
"58",530330016003,3
"59",530330017011,3
"60",530330017012,3
"61",530330017013,3
"62",530330017021,3
"63",530330017022,3
"64",530330017023,3
"65",530330017024,3
"66",530330018001,3
"67",530330018002,3
"68",530330018003,3
"69",530330019001,3
"70",530330019002,3
"71",530330019003,3
"72",530330020001,3
"73",530330020002,3
"74",530330020003,3
"75",530330021001,3
"76",530330021002,3
"77",530330021003,3
"78",530330022001,3
"79",530330022002,3
"80",530330022003,3
"81",530330022004,3
"82",530330024001,3
"83",530330024002,3
"84",530330024003,3
"85",530330025001,3
"86",530330025002,3
"87",530330026001,3
"88",530330026002,3
"89",530330026003,3
"90",530330026004,3
"91",530330027001,3
"92",530330027002,3
"93",530330027003,3
"94",530330027004,3
"95",530330028001,3
"96",530330028002,3
"97",530330028003,3
"98",530330028004,3
"99",530330029001,3
"100",530330029002,3
"101",530330029003,3
"102",530330030001,3
"103",530330030002,3
"104",530330030003,3
"105",530330030004,3
"106",530330031001,3
"107",530330031002,3
"108",530330031003,3
"109",530330031004,3
"110",530330031005,3
"111",530330032001,3
"112",530330032002,3
"113",530330032003,3
"114",530330032004,3
"115",530330032005,3
"116",530330032006,3
"117",530330032007,3
"118",530330033001,3
"119",530330033002,3
"120",530330033003,3
"121",530330033004,3
"122",530330033005,3
"123",530330034001,3
"124",530330034002,3
"125",530330034003,3
"126",530330035001,3
"127",530330035002,3
"128",530330035003,3
"129",530330036001,3
"130",530330036002,3
"131",530330036003,3
"132",530330036004,3
"133",530330038001,3
"134",530330038002,3
"135",530330039001,3
"136",530330039002,3
"137",530330040001,3
"138",530330040002,3
"139",530330041001,3
"140",530330041002,3
"141",530330041003,3
"142",530330041004,3
"143",530330041005,3
"144",530330041006,3
"145",530330042001,3
"146",530330042002,3
"147",530330042003,3
"148",530330042004,3
"149",530330042005,3
"150",530330043011,3
"151",530330043012,3
"152",530330043013,3
"153",530330043021,3
"154",530330043022,3
"155",530330044001,3
"156",530330044002,3
"157",530330044003,3
"158",530330044004,3
"159",530330045001,3
"160",530330045002,3
"161",530330046001,3
"162",530330046002,3
"163",530330046003,3
"164",530330047001,3
"165",530330047002,3
"166",530330047003,3
"167",530330047004,3
"168",530330048001,3
"169",530330048002,3
"170",530330048003,3
"171",530330048004,3
"172",530330049001,3
"173",530330049002,3
"174",530330049003,3
"175",530330049004,3
"176",530330049005,3
"177",530330050001,3
"178",530330050002,3
"179",530330050003,3
"180",530330051001,3
"181",530330051002,3
"182",530330051003,3
"183",530330052001,3
"184",530330052002,3
"185",530330052003,3
"186",530330052004,3
"187",530330052005,3
"188",530330053011,3
"189",530330053012,3
"190",530330053013,3
"191",530330053014,3
"192",530330053021,3
"193",530330053022,3
"194",530330053023,3
"195",530330054001,3
"196",530330054002,3
"197",530330054003,3
"198",530330054004,3
"199",530330056001,3
"200",530330056002,3
"201",530330056003,3
"202",530330056004,3
"203",530330056005,3
"204",530330057001,3
"205",530330057002,3
"206",530330057003,3
"207",530330057004,3
"208",530330057005,3
"209",530330057006,3
"210",530330058011,3
"211",530330058012,3
"212",530330058013,3
"213",530330058014,3
"214",530330058021,3
"215",530330058022,3
"216",530330058023,3
"217",530330059001,3
"218",530330059002,3
"219",530330059003,3
"220",530330059004,3
"221",530330059005,3
"222",530330060001,3
"223",530330060002,3
"224",530330060003,3
"225",530330060004,3
"226",530330061001,3
"227",530330061002,3
"228",530330061003,3
"229",530330061004,3
"230",530330062001,3
"231",530330062002,3
"232",530330062003,3
"233",530330063001,3
"234",530330063002,3
"235",530330063003,3
"236",530330063004,3
"237",530330064001,3
"238",530330064002,3
"239",530330064003,3
"240",530330065001,3
"241",530330065002,3
"242",530330065003,3
"243",530330066001,3
"244",530330066002,3
"245",530330067001,3
"246",530330067002,3
"247",530330067003,3
"248",530330067004,3
"249",530330068001,3
"250",530330068002,3
"251",530330069001,3
"252",530330069002,3
"253",530330069003,3
"254",530330069004,3
"255",530330070001,3
"256",530330070002,3
"257",530330070003,3
"258",530330070004,3
"259",530330070005,3
"260",530330070006,3
"261",530330071001,3
"262",530330071002,3
"263",530330072001,3
"264",530330072002,3
"265",530330072003,3
"266",530330073001,3
"267",530330073002,3
"268",530330073003,3
"269",530330074011,3
"270",530330074012,3
"271",530330074013,3
"272",530330074014,3
"273",530330074021,3
"274",530330074022,3
"275",530330074023,3
"276",530330075001,3
"277",530330075002,3
"278",530330075003,3
"279",530330075004,3
"280",530330075005,3
"281",530330076001,3
"282",530330076002,3
"283",530330076003,3
"284",530330077001,3
"285",530330077002,3
"286",530330077003,3
"287",530330077004,3
"288",530330078001,3
"289",530330078002,3
"290",530330078003,3
"291",530330078004,3
"292",530330079001,3
"293",530330079002,3
"294",530330079003,3
"295",530330079004,3
"296",530330079005,3
"297",530330080011,3
"298",530330080012,3
"299",530330080013,3
"300",530330080014,3
"301",530330080015,3
"302",530330080021,3
"303",530330080022,3
"304",530330081001,3
"305",530330081002,3
"306",530330081003,3
"307",530330082001,3
"308",530330082002,3
"309",530330082003,3
"310",530330083001,3
"311",530330083002,3
"312",530330084001,3
"313",530330084002,3
"314",530330084003,3
"315",530330085001,3
"316",530330085002,3
"317",530330085003,3
"318",530330086001,3
"319",530330086002,3
"320",530330086003,3
"321",530330087001,3
"322",530330087002,3
"323",530330087003,3
"324",530330088001,3
"325",530330088002,3
"326",530330088003,3
"327",530330089001,3
"328",530330089002,3
"329",530330089003,3
"330",530330089004,3
"331",530330090001,3
"332",530330090002,3
"333",530330091001,3
"334",530330091002,3
"335",530330092001,3
"336",530330092002,3
"337",530330093001,3
"338",530330093002,3
"339",530330093003,3
"340",530330094001,3
"341",530330094002,3
"342",530330094003,3
"343",530330094004,3
"344",530330094005,3
"345",530330095001,3
"346",530330095002,3
"347",530330095003,3
"348",530330095004,3
"349",530330096001,3
"350",530330096002,3
"351",530330096003,3
"352",530330096004,3
"353",530330096005,3
"354",530330097011,3
"355",530330097012,3
"356",530330097013,3
"357",530330097014,3
"358",530330097021,3
"359",530330097022,3
"360",530330097023,3
"361",530330097024,3
"362",530330097025,3
"363",530330098001,3
"364",530330098002,3
"365",530330098003,3
"366",530330098004,3
"367",530330098005,3
"368",530330099001,3
"369",530330099002,3
"370",530330099003,3
"371",530330099004,3
"372",530330100011,3
"373",530330100012,3
"374",530330100013,3
"375",530330100021,3
"376",530330100022,3
"377",530330100023,3
"378",530330100024,3
"379",530330101001,3
"380",530330101002,3
"381",530330101003,3
"382",530330101004,3
"383",530330101005,3
"384",530330102001,3
"385",530330102002,3
"386",530330102003,3
"387",530330102004,3
"388",530330103001,3
"389",530330103002,3
"390",530330103003,3
"391",530330103004,3
"392",530330103005,3
"393",530330104011,3
"394",530330104012,3
"395",530330104013,3
"396",530330104021,3
"397",530330104022,3
"398",530330104023,3
"399",530330104024,3
"400",530330105001,3
"401",530330105002,3
"402",530330105003,3
"403",530330105004,3
"404",530330105005,3
"405",530330106001,3
"406",530330106002,3
"407",530330106003,3
"408",530330106004,3
"409",530330106005,3
"410",530330106006,3
"411",530330107011,3
"412",530330107012,3
"413",530330107021,3
"414",530330107022,3
"415",530330107023,3
"416",530330108001,3
"417",530330108002,3
"418",530330108003,3
"419",530330109001,3
"420",530330109002,3
"421",530330110011,3
"422",530330110012,3
"423",530330110013,3
"424",530330110021,3
"425",530330110022,3
"426",530330110023,3
"427",530330111011,3
"428",530330111012,3
"429",530330111013,3
"430",530330111014,3
"431",530330111021,3
"432",530330111022,3
"433",530330111023,3
"434",530330111024,3
"435",530330112001,3
"436",530330112002,3
"437",530330112003,3
"438",530330113001,3
"439",530330113002,3
"440",530330113003,3
"441",530330113004,3
"442",530330113005,3
"443",530330114011,3
"444",530330114012,3
"445",530330114013,3
"446",530330114021,3
"447",530330114022,3
"448",530330114023,3
"449",530330115001,3
"450",530330115002,3
"451",530330115003,3
"452",530330116001,3
"453",530330116002,3
"454",530330116003,3
"455",530330116004,3
"456",530330116005,3
"457",530330116006,3
"458",530330117001,3
"459",530330117002,3
"460",530330117003,3
"461",530330117004,3
"462",530330118001,3
"463",530330118002,3
"464",530330118003,3
"465",530330118004,3
"466",530330118005,3
"467",530330118006,3
"468",530330119001,3
"469",530330119002,3
"470",530330119003,3
"471",530330119004,3
"472",530330119005,3
"473",530330120001,3
"474",530330120002,3
"475",530330120003,3
"476",530330121001,3
"477",530330121002,3
"478",530330201001,4
"479",530330201002,3
"480",530330201003,3
"481",530330202001,4
"482",530330202002,3
"483",530330202003,4
"484",530330202004,4
"485",530330202005,4
"486",530330203001,3
"487",530330203002,3
"488",530330203003,3
"489",530330203004,4
"490",530330203005,3
"491",530330204011,3
"492",530330204012,3
"493",530330204013,3
"494",530330204021,3
"495",530330204022,3
"496",530330204023,3
"497",530330204024,3
"498",530330204025,3
"499",530330205001,3
"500",530330205002,3
"501",530330205003,3
"502",530330205004,3
"503",530330205005,3
"504",530330205006,3
"505",530330206001,3
"506",530330206002,3
"507",530330206003,3
"508",530330206004,3
"509",530330207001,3
"510",530330207002,3
"511",530330207003,3
"512",530330208001,3
"513",530330208002,3
"514",530330208003,3
"515",530330208004,3
"516",530330209001,3
"517",530330209002,3
"518",530330209003,3
"519",530330210001,3
"520",530330210002,3
"521",530330210003,3
"522",530330210004,3
"523",530330210005,3
"524",530330211001,3
"525",530330211002,3
"526",530330211003,3
"527",530330213001,3
"528",530330213002,3
"529",530330213003,3
"530",530330214001,3
"531",530330214002,3
"532",530330214003,3
"533",530330215001,3
"534",530330215002,3
"535",530330215003,3
"536",530330215004,3
"537",530330216001,3
"538",530330216002,3
"539",530330216003,3
"540",530330216004,3
"541",530330217001,3
"542",530330217002,3
"543",530330217003,3
"544",530330217004,3
"545",530330217005,3
"546",530330218021,3
"547",530330218022,4
"548",530330218023,4
"549",530330218031,3
"550",530330218032,3
"551",530330218033,3
"552",530330218034,3
"553",530330218041,3
"554",530330218042,4
"555",530330218043,3
"556",530330219031,4
"557",530330219032,4
"558",530330219033,4
"559",530330219034,4
"560",530330219035,4
"561",530330219041,4
"562",530330219042,4
"563",530330219043,4
"564",530330219044,4
"565",530330219051,4
"566",530330219052,4
"567",530330219053,4
"568",530330219054,4
"569",530330219061,4
"570",530330219062,4
"571",530330219063,4
"572",530330220011,4
"573",530330220012,4
"574",530330220013,4
"575",530330220031,4
"576",530330220032,3
"577",530330220033,4
"578",530330220034,4
"579",530330220035,3
"580",530330220051,3
"581",530330220052,4
"582",530330220053,4
"583",530330220061,4
"584",530330220062,3
"585",530330220063,3
"586",530330221011,3
"587",530330221012,3
"588",530330221013,3
"589",530330221014,3
"590",530330221021,3
"591",530330221022,3
"592",530330221023,3
"593",530330221024,4
"594",530330222011,3
"595",530330222012,3
"596",530330222013,3
"597",530330222014,3
"598",530330222021,4
"599",530330222022,3
"600",530330222023,3
"601",530330222024,4
"602",530330222025,3
"603",530330222031,3
"604",530330222032,3
"605",530330222033,3
"606",530330223001,3
"607",530330223002,3
"608",530330224001,4
"609",530330224002,3
"610",530330224003,3
"611",530330224004,3
"612",530330224005,3
"613",530330224006,3
"614",530330225001,3
"615",530330225002,3
"616",530330225003,3
"617",530330225004,3
"618",530330225005,3
"619",530330226031,4
"620",530330226032,4
"621",530330226033,4
"622",530330226034,4
"623",530330226035,4
"624",530330226041,3
"625",530330226042,3
"626",530330226043,4
"627",530330226051,4
"628",530330226052,3
"629",530330226053,4
"630",530330226061,4
"631",530330226062,3
"632",530330226063,4
"633",530330226064,4
"634",530330227011,3
"635",530330227012,3
"636",530330227021,3
"637",530330227022,3
"638",530330227023,3
"639",530330227031,4
"640",530330227032,3
"641",530330228011,4
"642",530330228012,4
"643",530330228013,4
"644",530330228014,4
"645",530330228021,4
"646",530330228022,4
"647",530330228023,3
"648",530330228031,4
"649",530330228032,4
"650",530330228033,4
"651",530330229011,4
"652",530330229012,4
"653",530330229021,4
"654",530330229022,3
"655",530330229023,4
"656",530330229024,3
"657",530330229025,4
"658",530330230001,3
"659",530330230002,4
"660",530330230003,4
"661",530330230004,4
"662",530330231001,4
"663",530330231002,4
"664",530330231003,3
"665",530330232011,4
"666",530330232012,4
"667",530330232013,4
"668",530330232021,4
"669",530330232022,4
"670",530330232023,4
"671",530330233001,3
"672",530330233002,3
"673",530330233003,3
"674",530330233004,3
"675",530330234011,3
"676",530330234012,3
"677",530330234013,3
"678",530330234031,3
"679",530330234032,3
"680",530330234033,3
"681",530330234041,3
"682",530330234042,3
"683",530330235001,4
"684",530330235002,4
"685",530330235003,4
"686",530330236011,4
"687",530330236012,4
"688",530330236013,4
"689",530330236031,4
"690",530330236032,4
"691",530330236033,4
"692",530330236034,4
"693",530330236041,4
"694",530330236042,4
"695",530330236043,4
"696",530330236044,3
"697",530330237001,4
"698",530330237002,4
"699",530330237003,4
"700",530330238011,4
"701",530330238012,4
"702",530330238031,3
"703",530330238032,3
"704",530330238041,3
"705",530330238042,3
"706",530330238043,3
"707",530330239001,3
"708",530330239002,4
"709",530330239003,4
"710",530330239004,3
"711",530330240001,4
"712",530330240002,4
"713",530330240003,3
"714",530330240004,3
"715",530330241001,3
"716",530330241002,3
"717",530330241003,3
"718",530330241004,3
"719",530330242001,3
"720",530330242002,3
"721",530330243001,3
"722",530330243002,3
"723",530330243003,3
"724",530330243004,3
"725",530330243005,3
"726",530330244001,3
"727",530330244002,3
"728",530330245001,3
"729",530330245002,3
"730",530330245003,3
"731",530330246011,3
"732",530330246012,3
"733",530330246013,3
"734",530330246021,3
"735",530330246022,3
"736",530330246023,3
"737",530330247011,3
"738",530330247012,3
"739",530330247013,3
"740",530330247021,4
"741",530330247022,3
"742",530330247023,3
"743",530330247024,3
"744",530330247025,4
"745",530330248001,3
"746",530330248002,3
"747",530330248003,3
"748",530330249011,3
"749",530330249012,3
"750",530330249013,3
"751",530330249014,3
"752",530330249021,3
"753",530330249022,3
"754",530330249023,3
"755",530330249031,3
"756",530330249032,3
"757",530330249033,3
"758",530330249034,3
"759",530330250011,3
"760",530330250012,3
"761",530330250013,3
"762",530330250014,3
"763",530330250031,3
"764",530330250032,3
"765",530330250033,3
"766",530330250034,3
"767",530330250035,3
"768",530330250051,3
"769",530330250052,3
"770",530330250061,3
"771",530330250062,4
"772",530330250063,3
"773",530330251011,4
"774",530330251012,4
"775",530330251013,3
"776",530330251014,4
"777",530330251021,3
"778",530330251022,4
"779",530330251023,4
"780",530330251024,4
"781",530330252001,4
"782",530330252002,4
"783",530330252003,4
"784",530330252004,4
"785",530330252005,3
"786",530330253011,4
"787",530330253012,4
"788",530330253013,4
"789",530330253021,4
"790",530330253022,4
"791",530330253023,3
"792",530330254001,4
"793",530330254002,4
"794",530330254003,4
"795",530330254004,4
"796",530330255001,4
"797",530330255002,4
"798",530330255003,4
"799",530330256011,4
"800",530330256012,4
"801",530330256013,4
"802",530330256021,4
"803",530330256022,4
"804",530330256023,4
"805",530330257011,3
"806",530330257012,3
"807",530330257013,4
"808",530330257014,4
"809",530330257015,3
"810",530330257021,4
"811",530330257022,4
"812",530330257023,4
"813",530330258031,4
"814",530330258032,4
"815",530330258033,4
"816",530330258041,4
"817",530330258042,4
"818",530330258043,4
"819",530330258051,4
"820",530330258052,4
"821",530330258053,4
"822",530330258061,3
"823",530330258062,3
"824",530330258063,3
"825",530330260011,3
"826",530330260012,3
"827",530330260013,3
"828",530330260014,4
"829",530330260015,3
"830",530330260021,3
"831",530330260022,4
"832",530330260023,4
"833",530330260024,4
"834",530330261001,3
"835",530330261002,3
"836",530330261003,3
"837",530330261004,3
"838",530330261005,3
"839",530330262001,3
"840",530330262002,3
"841",530330262003,3
"842",530330262004,3
"843",530330263001,3
"844",530330263002,3
"845",530330264001,3
"846",530330264002,3
"847",530330264003,3
"848",530330264004,3
"849",530330264005,3
"850",530330265001,3
"851",530330265002,3
"852",530330265003,3
"853",530330266001,3
"854",530330266002,3
"855",530330267001,3
"856",530330267002,3
"857",530330267003,3
"858",530330267004,3
"859",530330268011,3
"860",530330268012,3
"861",530330268013,3
"862",530330268014,3
"863",530330268021,3
"864",530330268022,3
"865",530330268023,3
"866",530330268024,3
"867",530330270001,3
"868",530330270002,3
"869",530330270003,3
"870",530330271001,3
"871",530330271002,3
"872",530330272001,3
"873",530330272002,3
"874",530330273001,3
"875",530330273002,3
"876",530330273003,3
"877",530330273004,3
"878",530330274001,3
"879",530330274002,3
"880",530330274003,3
"881",530330274004,3
"882",530330275001,3
"883",530330275002,3
"884",530330275003,3
"885",530330275004,3
"886",530330276001,3
"887",530330276002,3
"888",530330276003,3
"889",530330277011,3
"890",530330277012,3
"891",530330277013,3
"892",530330277014,3
"893",530330277015,3
"894",530330277021,1
"895",530330277022,4
"896",530330277023,1
"897",530330277024,1
"898",530330278001,3
"899",530330278002,3
"900",530330278003,3
"901",530330279001,3
"902",530330279002,3
"903",530330279003,3
"904",530330279004,3
"905",530330279005,3
"906",530330279006,3
"907",530330280001,3
"908",530330280002,3
"909",530330280003,3
"910",530330281001,3
"911",530330281002,3
"912",530330282001,3
"913",530330282002,3
"914",530330282003,3
"915",530330283001,3
"916",530330283002,3
"917",530330283003,3
"918",530330284021,3
"919",530330284022,3
"920",530330284023,3
"921",530330284024,3
"922",530330284031,3
"923",530330284032,3
"924",530330284033,3
"925",530330285001,3
"926",530330285002,3
"927",530330285003,3
"928",530330286001,3
"929",530330286002,3
"930",530330286003,3
"931",530330286004,3
"932",530330286005,3
"933",530330286006,3
"934",530330287001,3
"935",530330287002,3
"936",530330287003,3
"937",530330287004,3
"938",530330288011,3
"939",530330288012,3
"940",530330288013,3
"941",530330288021,3
"942",530330288022,3
"943",530330288023,3
"944",530330288024,3
"945",530330289011,3
"946",530330289012,3
"947",530330289013,3
"948",530330289014,3
"949",530330289021,3
"950",530330289022,3
"951",530330289023,3
"952",530330289024,3
"953",530330289025,3
"954",530330290011,3
"955",530330290012,3
"956",530330290013,3
"957",530330290014,3
"958",530330290031,3
"959",530330290032,3
"960",530330290033,3
"961",530330290034,3
"962",530330290035,3
"963",530330290041,3
"964",530330290042,3
"965",530330291011,3
"966",530330291012,3
"967",530330291021,3
"968",530330291022,3
"969",530330291023,3
"970",530330292031,3
"971",530330292032,3
"972",530330292041,3
"973",530330292042,3
"974",530330292043,3
"975",530330292044,3
"976",530330292051,3
"977",530330292052,3
"978",530330292053,3
"979",530330292061,3
"980",530330292062,3
"981",530330292063,3
"982",530330293031,4
"983",530330293032,4
"984",530330293033,3
"985",530330293034,4
"986",530330293035,3
"987",530330293041,4
"988",530330293042,4
"989",530330293043,4
"990",530330293044,4
"991",530330293051,3
"992",530330293052,3
"993",530330293053,4
"994",530330293054,4
"995",530330293061,3
"996",530330293062,4
"997",530330293071,4
"998",530330293072,4
"999",530330293073,4
"1000",530330294031,3
"1001",530330294032,3
"1002",530330294033,3
"1003",530330294051,4
"1004",530330294052,4
"1005",530330294053,3
"1006",530330294054,3
"1007",530330294055,3
"1008",530330294061,3
"1009",530330294062,3
"1010",530330294071,3
"1011",530330294072,3
"1012",530330294073,3
"1013",530330294081,3
"1014",530330294082,3
"1015",530330294083,3
"1016",530330295021,3
"1017",530330295022,3
"1018",530330295023,3
"1019",530330295024,4
"1020",530330295031,3
"1021",530330295032,3
"1022",530330295033,3
"1023",530330295034,3
"1024",530330295035,3
"1025",530330295041,3
"1026",530330295042,3
"1027",530330295043,3
"1028",530330296011,3
"1029",530330296012,3
"1030",530330296013,3
"1031",530330296014,3
"1032",530330296015,3
"1033",530330296021,3
"1034",530330296022,3
"1035",530330296023,3
"1036",530330297001,3
"1037",530330297002,3
"1038",530330297003,3
"1039",530330297004,3
"1040",530330297005,3
"1041",530330298011,3
"1042",530330298012,3
"1043",530330298013,3
"1044",530330298014,3
"1045",530330298015,3
"1046",530330298021,3
"1047",530330298022,3
"1048",530330298023,3
"1049",530330298024,3
"1050",530330298025,3
"1051",530330298026,3
"1052",530330299011,3
"1053",530330299012,3
"1054",530330299013,3
"1055",530330299021,3
"1056",530330299022,3
"1057",530330299023,3
"1058",530330300031,3
"1059",530330300032,3
"1060",530330300033,3
"1061",530330300034,3
"1062",530330300035,3
"1063",530330300041,3
"1064",530330300042,3
"1065",530330300043,3
"1066",530330300044,3
"1067",530330300045,3
"1068",530330300046,3
"1069",530330300051,3
"1070",530330300052,3
"1071",530330300053,3
"1072",530330300061,3
"1073",530330300062,3
"1074",530330301001,3
"1075",530330301002,3
"1076",530330301003,3
"1077",530330301004,3
"1078",530330301005,3
"1079",530330301006,3
"1080",530330301007,3
"1081",530330302011,3
"1082",530330302012,3
"1083",530330302013,3
"1084",530330302014,3
"1085",530330302021,3
"1086",530330302022,3
"1087",530330302023,3
"1088",530330302024,3
"1089",530330302025,3
"1090",530330303041,3
"1091",530330303042,3
"1092",530330303051,4
"1093",530330303052,3
"1094",530330303053,4
"1095",530330303061,4
"1096",530330303062,4
"1097",530330303063,4
"1098",530330303064,3
"1099",530330303081,3
"1100",530330303082,3
"1101",530330303083,3
"1102",530330303084,3
"1103",530330303091,3
"1104",530330303092,3
"1105",530330303093,3
"1106",530330303094,3
"1107",530330303101,3
"1108",530330303102,3
"1109",530330303103,3
"1110",530330303104,3
"1111",530330303111,3
"1112",530330303112,3
"1113",530330303113,3
"1114",530330303114,3
"1115",530330303121,3
"1116",530330303122,3
"1117",530330303123,3
"1118",530330303124,3
"1119",530330303131,3
"1120",530330303132,3
"1121",530330303141,3
"1122",530330303142,3
"1123",530330303143,3
"1124",530330304011,3
"1125",530330304012,3
"1126",530330304013,3
"1127",530330304014,3
"1128",530330304015,3
"1129",530330304031,3
"1130",530330304032,3
"1131",530330304033,3
"1132",530330304041,3
"1133",530330304042,3
"1134",530330304043,3
"1135",530330305011,3
"1136",530330305012,3
"1137",530330305031,3
"1138",530330305032,3
"1139",530330305041,3
"1140",530330305042,3
"1141",530330305043,3
"1142",530330305044,3
"1143",530330306001,3
"1144",530330306002,3
"1145",530330306003,3
"1146",530330306004,3
"1147",530330307001,3
"1148",530330307002,3
"1149",530330307003,3
"1150",530330308011,3
"1151",530330308012,3
"1152",530330308013,3
"1153",530330308021,3
"1154",530330308022,3
"1155",530330308023,3
"1156",530330309011,3
"1157",530330309012,3
"1158",530330309021,4
"1159",530330309022,3
"1160",530330309023,3
"1161",530330310001,3
"1162",530330310002,3
"1163",530330311001,3
"1164",530330311002,3
"1165",530330311003,3
"1166",530330311004,3
"1167",530330311005,3
"1168",530330312021,3
"1169",530330312022,3
"1170",530330312023,3
"1171",530330312024,1
"1172",530330312025,3
"1173",530330312041,3
"1174",530330312042,4
"1175",530330312043,1
"1176",530330312044,1
"1177",530330312045,1
"1178",530330312051,3
"1179",530330312052,3
"1180",530330312053,3
"1181",530330312061,3
"1182",530330312062,3
"1183",530330312063,3
"1184",530330313011,3
"1185",530330313012,1
"1186",530330313021,2
"1187",530330313022,2
"1188",530330313023,2
"1189",530330313024,2
"1190",530330314001,3
"1191",530330314002,2
"1192",530330314003,2
"1193",530330314004,2
"1194",530330314005,3
"1195",530330315011,3
"1196",530330315012,1
"1197",530330315013,4
"1198",530330315021,1
"1199",530330315022,2
"1200",530330315023,2
"1201",530330316011,1
"1202",530330316012,1
"1203",530330316013,1
"1204",530330316031,1
"1205",530330316032,3
"1206",530330316033,4
"1207",530330316034,4
"1208",530330316041,1
"1209",530330316042,1
"1210",530330316043,1
"1211",530330316051,1
"1212",530330316052,1
"1213",530330316053,1
"1214",530330317031,4
"1215",530330317032,1
"1216",530330317033,1
"1217",530330317034,4
"1218",530330317035,4
"1219",530330317041,1
"1220",530330317042,1
"1221",530330317043,4
"1222",530330317051,1
"1223",530330317052,1
"1224",530330317053,1
"1225",530330317061,1
"1226",530330317062,1
"1227",530330317063,1
"1228",530330317064,1
"1229",530330318001,4
"1230",530330318002,4
"1231",530330318003,1
"1232",530330319031,4
"1233",530330319032,1
"1234",530330319033,1
"1235",530330319034,4
"1236",530330319035,1
"1237",530330319041,1
"1238",530330319042,1
"1239",530330319043,1
"1240",530330319061,1
"1241",530330319062,1
"1242",530330319071,1
"1243",530330319072,4
"1244",530330319073,4
"1245",530330319074,1
"1246",530330319075,1
"1247",530330319081,1
"1248",530330319082,1
"1249",530330319083,4
"1250",530330319091,1
"1251",530330319092,1
"1252",530330320021,1
"1253",530330320022,1
"1254",530330320031,4
"1255",530330320032,1
"1256",530330320033,1
"1257",530330320034,1
"1258",530330320051,1
"1259",530330320052,1
"1260",530330320053,1
"1261",530330320054,1
"1262",530330320055,1
"1263",530330320056,1
"1264",530330320061,1
"1265",530330320062,1
"1266",530330320063,1
"1267",530330320071,1
"1268",530330320072,1
"1269",530330320073,1
"1270",530330320081,1
"1271",530330320082,1
"1272",530330320083,1
"1273",530330320101,1
"1274",530330320102,1
"1275",530330320103,1
"1276",530330320104,1
"1277",530330320111,1
"1278",530330320112,1
"1279",530330321021,4
"1280",530330321022,3
"1281",530330321023,3
"1282",530330321024,1
"1283",530330321031,3
"1284",530330321032,3
"1285",530330321033,3
"1286",530330321034,3
"1287",530330321041,4
"1288",530330321042,3
"1289",530330321043,3
"1290",530330322031,3
"1291",530330322032,3
"1292",530330322033,3
"1293",530330322034,3
"1294",530330322071,3
"1295",530330322072,3
"1296",530330322073,3
"1297",530330322081,3
"1298",530330322082,3
"1299",530330322083,3
"1300",530330322084,3
"1301",530330322085,3
"1302",530330322101,4
"1303",530330322102,3
"1304",530330322103,3
"1305",530330322111,3
"1306",530330322112,3
"1307",530330322113,3
"1308",530330322121,3
"1309",530330322122,3
"1310",530330322123,3
"1311",530330322124,3
"1312",530330322131,3
"1313",530330322132,3
"1314",530330322133,3
"1315",530330322141,3
"1316",530330322142,3
"1317",530330322143,3
"1318",530330322151,3
"1319",530330322152,3
"1320",530330323071,1
"1321",530330323072,1
"1322",530330323073,1
"1323",530330323074,4
"1324",530330323075,4
"1325",530330323091,4
"1326",530330323092,4
"1327",530330323093,4
"1328",530330323111,1
"1329",530330323112,1
"1330",530330323113,1
"1331",530330323114,1
"1332",530330323115,1
"1333",530330323131,3
"1334",530330323132,4
"1335",530330323133,4
"1336",530330323134,4
"1337",530330323151,3
"1338",530330323152,3
"1339",530330323153,3
"1340",530330323161,3
"1341",530330323162,3
"1342",530330323163,3
"1343",530330323164,3
"1344",530330323171,3
"1345",530330323172,3
"1346",530330323173,3
"1347",530330323174,3
"1348",530330323175,3
"1349",530330323181,3
"1350",530330323182,3
"1351",530330323183,3
"1352",530330323184,3
"1353",530330323191,1
"1354",530330323192,4
"1355",530330323193,4
"1356",530330323194,4
"1357",530330323201,1
"1358",530330323202,4
"1359",530330323203,4
"1360",530330323211,4
"1361",530330323212,4
"1362",530330323213,4
"1363",530330323214,4
"1364",530330323221,4
"1365",530330323222,4
"1366",530330323223,4
"1367",530330323231,4
"1368",530330323232,4
"1369",530330323233,4
"1370",530330323234,4
"1371",530330323241,4
"1372",530330323242,4
"1373",530330323243,4
"1374",530330323244,4
"1375",530330323251,4
"1376",530330323252,4
"1377",530330323253,4
"1378",530330323261,4
"1379",530330323262,4
"1380",530330323263,4
"1381",530330323271,4
"1382",530330323272,4
"1383",530330323281,3
"1384",530330323282,3
"1385",530330323283,3
"1386",530330323291,3
"1387",530330323292,4
"1388",530330324011,4
"1389",530330324012,1
"1390",530330324013,1
"1391",530330324014,4
"1392",530330324021,1
"1393",530330324022,1
"1394",530330324023,1
"1395",530330324024,4
"1396",530330325001,1
"1397",530330325002,3
"1398",530330325003,3
"1399",530330325004,3
"1400",530330326011,3
"1401",530330326012,3
"1402",530330326021,4
"1403",530330326022,4
"1404",530330326023,4
"1405",530330326024,4
"1406",530330327021,1
"1407",530330327022,1
"1408",530330327023,1
"1409",530330327024,1
"1410",530330327025,3
"1411",530330327026,1
"1412",530330327031,4
"1413",530330327032,4
"1414",530330327041,1
"1415",530330327042,1
"1416",530330327043,1
"1417",530330327044,1
"1418",530330328001,3
"1419",530330328002,1
"1420",530330328003,2
"1421",530530602001,3
"1422",530530603001,3
"1423",530530603002,3
"1424",530530603003,3
"1425",530530604001,3
"1426",530530604002,3
"1427",530530604003,3
"1428",530530604004,3
"1429",530530604005,3
"1430",530530605001,3
"1431",530530605002,3
"1432",530530605003,3
"1433",530530605004,3
"1434",530530605005,3
"1435",530530606001,3
"1436",530530606002,3
"1437",530530606003,3
"1438",530530606004,3
"1439",530530606005,3
"1440",530530606006,3
"1441",530530607001,3
"1442",530530607002,3
"1443",530530607003,3
"1444",530530607004,3
"1445",530530607005,3
"1446",530530607006,3
"1447",530530608001,3
"1448",530530608002,3
"1449",530530608003,3
"1450",530530608004,3
"1451",530530608005,3
"1452",530530608006,3
"1453",530530608007,3
"1454",530530609031,3
"1455",530530609032,3
"1456",530530609033,3
"1457",530530609041,3
"1458",530530609042,3
"1459",530530609043,3
"1460",530530609044,3
"1461",530530609051,3
"1462",530530609052,3
"1463",530530609053,3
"1464",530530609054,3
"1465",530530609055,3
"1466",530530609061,3
"1467",530530609062,3
"1468",530530610011,3
"1469",530530610012,3
"1470",530530610013,3
"1471",530530610021,3
"1472",530530610022,3
"1473",530530610023,3
"1474",530530610024,3
"1475",530530611001,3
"1476",530530611002,3
"1477",530530611003,3
"1478",530530611004,2
"1479",530530611005,3
"1480",530530611006,3
"1481",530530611007,3
"1482",530530612001,2
"1483",530530612002,2
"1484",530530612003,2
"1485",530530612004,3
"1486",530530612005,3
"1487",530530612006,2
"1488",530530613001,3
"1489",530530613002,2
"1490",530530613003,2
"1491",530530613004,2
"1492",530530613005,2
"1493",530530613006,2
"1494",530530614001,3
"1495",530530614002,2
"1496",530530614003,2
"1497",530530615001,3
"1498",530530615002,3
"1499",530530615003,3
"1500",530530615004,3
"1501",530530616011,3
"1502",530530616021,2
"1503",530530617001,2
"1504",530530617002,2
"1505",530530617003,2
"1506",530530617004,2
"1507",530530617005,2
"1508",530530618001,2
"1509",530530618002,2
"1510",530530618003,2
"1511",530530619001,2
"1512",530530619002,2
"1513",530530620001,2
"1514",530530620002,2
"1515",530530620003,2
"1516",530530620004,2
"1517",530530623001,2
"1518",530530623002,2
"1519",530530623003,2
"1520",530530623004,3
"1521",530530624001,2
"1522",530530624002,3
"1523",530530624003,3
"1524",530530624004,3
"1525",530530624005,2
"1526",530530625001,3
"1527",530530625002,3
"1528",530530625003,3
"1529",530530625004,3
"1530",530530625005,3
"1531",530530625006,3
"1532",530530625007,3
"1533",530530626001,3
"1534",530530626002,3
"1535",530530628011,2
"1536",530530628012,3
"1537",530530628013,3
"1538",530530628014,3
"1539",530530628021,3
"1540",530530628022,3
"1541",530530628023,3
"1542",530530629001,3
"1543",530530629002,3
"1544",530530629003,3
"1545",530530629004,3
"1546",530530629005,3
"1547",530530629006,3
"1548",530530630001,3
"1549",530530630002,3
"1550",530530631001,3
"1551",530530631002,3
"1552",530530631003,3
"1553",530530631004,3
"1554",530530632001,3
"1555",530530632002,3
"1556",530530632003,3
"1557",530530632004,3
"1558",530530632005,3
"1559",530530633001,3
"1560",530530633002,3
"1561",530530633003,3
"1562",530530633004,3
"1563",530530633005,3
"1564",530530634001,3
"1565",530530634002,3
"1566",530530634003,3
"1567",530530634004,3
"1568",530530634005,3
"1569",530530634006,3
"1570",530530635011,3
"1571",530530635012,3
"1572",530530635013,3
"1573",530530635014,3
"1574",530530635021,3
"1575",530530635022,3
"1576",530530635023,3
"1577",530530701001,2
"1578",530530701003,3
"1579",530530701004,1
"1580",530530702031,1
"1581",530530702032,1
"1582",530530702033,4
"1583",530530702041,1
"1584",530530702042,4
"1585",530530702051,1
"1586",530530702052,1
"1587",530530702061,4
"1588",530530702062,1
"1589",530530702063,1
"1590",530530702071,4
"1591",530530702072,2
"1592",530530702073,1
"1593",530530702074,1
"1594",530530703071,4
"1595",530530703072,1
"1596",530530703073,4
"1597",530530703081,1
"1598",530530703082,1
"1599",530530703091,1
"1600",530530703092,1
"1601",530530703093,1
"1602",530530703101,1
"1603",530530703102,1
"1604",530530703103,1
"1605",530530703104,1
"1606",530530703111,1
"1607",530530703112,1
"1608",530530703113,1
"1609",530530703121,1
"1610",530530703122,1
"1611",530530703123,1
"1612",530530703131,1
"1613",530530703132,3
"1614",530530703133,1
"1615",530530703134,1
"1616",530530703135,4
"1617",530530703141,4
"1618",530530703142,4
"1619",530530703151,1
"1620",530530703152,4
"1621",530530703153,4
"1622",530530703154,4
"1623",530530703161,4
"1624",530530703162,4
"1625",530530704011,4
"1626",530530704012,1
"1627",530530704031,1
"1628",530530704032,4
"1629",530530704033,1
"1630",530530704041,1
"1631",530530704042,4
"1632",530530707031,4
"1633",530530707032,4
"1634",530530707033,4
"1635",530530707034,4
"1636",530530707035,4
"1637",530530711001,2
"1638",530530711002,2
"1639",530530712051,3
"1640",530530712052,4
"1641",530530712061,4
"1642",530530712062,4
"1643",530530712063,4
"1644",530530712064,4
"1645",530530712071,3
"1646",530530712072,4
"1647",530530712073,3
"1648",530530712081,4
"1649",530530712082,4
"1650",530530712083,4
"1651",530530712091,4
"1652",530530712092,3
"1653",530530712093,3
"1654",530530712101,3
"1655",530530712102,3
"1656",530530712103,4
"1657",530530713041,4
"1658",530530713042,4
"1659",530530713043,4
"1660",530530713051,2
"1661",530530713052,2
"1662",530530713061,4
"1663",530530713062,2
"1664",530530713063,2
"1665",530530713064,2
"1666",530530713071,4
"1667",530530713072,4
"1668",530530713073,4
"1669",530530713091,1
"1670",530530713092,1
"1671",530530713093,1
"1672",530530713101,4
"1673",530530713102,1
"1674",530530714031,3
"1675",530530714032,3
"1676",530530714033,3
"1677",530530714061,3
"1678",530530714062,3
"1679",530530714063,4
"1680",530530714064,3
"1681",530530714071,4
"1682",530530714072,4
"1683",530530714073,4
"1684",530530714074,4
"1685",530530714081,2
"1686",530530714082,2
"1687",530530714083,2
"1688",530530714091,2
"1689",530530714092,2
"1690",530530714093,2
"1691",530530714094,2
"1692",530530714101,2
"1693",530530714102,3
"1694",530530714103,2
"1695",530530714104,3
"1696",530530714111,3
"1697",530530714112,3
"1698",530530714113,3
"1699",530530715031,3
"1700",530530715032,3
"1701",530530715033,3
"1702",530530715034,3
"1703",530530715041,3
"1704",530530715042,3
"1705",530530715043,3
"1706",530530715044,3
"1707",530530715051,3
"1708",530530715052,2
"1709",530530715053,2
"1710",530530715054,2
"1711",530530715061,2
"1712",530530715062,2
"1713",530530715063,2
"1714",530530716011,3
"1715",530530716012,3
"1716",530530716021,3
"1717",530530716022,3
"1718",530530716023,3
"1719",530530716024,3
"1720",530530717031,3
"1721",530530717032,3
"1722",530530717041,3
"1723",530530717042,3
"1724",530530717043,3
"1725",530530717051,3
"1726",530530717052,3
"1727",530530717053,3
"1728",530530717061,3
"1729",530530717071,3
"1730",530530717072,3
"1731",530530717073,3
"1732",530530718031,3
"1733",530530718032,3
"1734",530530718033,3
"1735",530530718034,3
"1736",530530718051,4
"1737",530530718052,4
"1738",530530718053,4
"1739",530530718061,4
"1740",530530718062,3
"1741",530530718071,4
"1742",530530718072,4
"1743",530530718081,3
"1744",530530718082,3
"1745",530530718083,4
"1746",530530719011,4
"1747",530530719012,4
"1748",530530719013,4
"1749",530530719014,3
"1750",530530719021,3
"1751",530530719022,3
"1752",530530719023,4
"1753",530530719024,3
"1754",530530719025,4
"1755",530530720001,4
"1756",530530720002,4
"1757",530530720003,4
"1758",530530720004,4
"1759",530530721051,3
"1760",530530721052,3
"1761",530530721053,3
"1762",530530721054,3
"1763",530530721061,3
"1764",530530721062,3
"1765",530530721063,3
"1766",530530721064,3
"1767",530530721071,3
"1768",530530721072,3
"1769",530530721073,3
"1770",530530721074,3
"1771",530530721081,3
"1772",530530721082,3
"1773",530530721083,4
"1774",530530721084,2
"1775",530530721085,3
"1776",530530721091,2
"1777",530530721092,2
"1778",530530721111,3
"1779",530530721112,3
"1780",530530721121,2
"1781",530530721122,3
"1782",530530721123,2
"1783",530530723051,3
"1784",530530723052,3
"1785",530530723053,3
"1786",530530723054,3
"1787",530530723055,3
"1788",530530723056,3
"1789",530530723071,3
"1790",530530723072,3
"1791",530530723073,3
"1792",530530723074,3
"1793",530530723081,3
"1794",530530723082,3
"1795",530530723083,3
"1796",530530723084,3
"1797",530530723085,3
"1798",530530723091,3
"1799",530530723092,3
"1800",530530723093,3
"1801",530530723094,3
"1802",530530723101,3
"1803",530530723102,3
"1804",530530723103,3
"1805",530530723111,3
"1806",530530723112,3
"1807",530530723113,3
"1808",530530723121,3
"1809",530530723122,3
"1810",530530723123,3
"1811",530530723131,3
"1812",530530723132,3
"1813",530530724051,1
"1814",530530724052,1
"1815",530530724061,1
"1816",530530724062,1
"1817",530530724063,1
"1818",530530724071,1
"1819",530530724072,4
"1820",530530724073,3
"1821",530530724081,4
"1822",530530724082,4
"1823",530530724083,3
"1824",530530724084,3
"1825",530530724091,1
"1826",530530724092,3
"1827",530530724101,1
"1828",530530724102,3
"1829",530530725031,1
"1830",530530725032,4
"1831",530530725041,4
"1832",530530725042,3
"1833",530530725051,3
"1834",530530725052,3
"1835",530530725053,3
"1836",530530725054,3
"1837",530530725061,3
"1838",530530725062,4
"1839",530530725071,4
"1840",530530725072,1
"1841",530530726011,1
"1842",530530726012,3
"1843",530530726013,4
"1844",530530726021,3
"1845",530530726022,4
"1846",530530726023,4
"1847",530530726031,4
"1848",530530726032,4
"1849",530530726033,1
"1850",530530726034,3
"1851",530530728001,4
"1852",530530728002,4
"1853",530530729011,3
"1854",530530729031,4
"1855",530530729051,4
"1856",530530729052,4
"1857",530530729053,4
"1858",530530729061,2
"1859",530530729062,4
"1860",530530729071,4
"1861",530530729072,4
"1862",530530730011,4
"1863",530530730012,2
"1864",530530730013,3
"1865",530530730014,3
"1866",530530730015,2
"1867",530530730051,2
"1868",530530730052,3
"1869",530530730053,2
"1870",530530730054,4
"1871",530530730061,1
"1872",530530730062,3
"1873",530530731081,1
"1874",530530731082,4
"1875",530530731083,4
"1876",530530731101,1
"1877",530530731102,4
"1878",530530731111,4
"1879",530530731112,4
"1880",530530731113,4
"1881",530530731131,4
"1882",530530731132,1
"1883",530530731133,1
"1884",530530731141,3
"1885",530530731142,3
"1886",530530731143,3
"1887",530530731151,4
"1888",530530731152,3
"1889",530530731153,4
"1890",530530731161,4
"1891",530530731162,3
"1892",530530731171,4
"1893",530530731172,3
"1894",530530731181,3
"1895",530530731182,3
"1896",530530731191,3
"1897",530530731192,1
"1898",530530731201,4
"1899",530530731202,1
"1900",530530731211,1
"1901",530530731212,4
"1902",530530731221,1
"1903",530530731222,1
"1904",530530731231,1
"1905",530530731232,1
"1906",530530731241,1
"1907",530530731242,1
"1908",530530731251,4
"1909",530530731252,4
"1910",530530731253,1
"1911",530530731261,4
"1912",530530732001,3
"1913",530530732002,3
"1914",530530732003,3
"1915",530530732004,2
"1916",530530733011,4
"1917",530530733012,4
"1918",530530733013,4
"1919",530530733014,3
"1920",530530733021,3
"1921",530530733022,3
"1922",530530733023,3
"1923",530530734041,3
"1924",530530734042,3
"1925",530530734043,3
"1926",530530734044,3
"1927",530530734045,3
"1928",530530734051,3
"1929",530530734052,3
"1930",530530734061,3
"1931",530530734062,3
"1932",530530734063,3
"1933",530530734071,4
"1934",530530734072,3
"1935",530530734073,4
"1936",530530734081,3
"1937",530530734082,3
"1938",530530734083,3
"1939",530530735001,3
"1940",530530735002,3
"1941",530530735003,4
"1942",530530735004,4
"1943",530530735005,4
"1944",530530735006,4
"1945",530539400011,1
"1946",530539400012,3
"1947",530539400021,3
"1948",530539400022,3
"1949",530539400023,3
"1950",530539400031,3
"1951",530539400032,4
"1952",530539400033,4
"1953",530539400041,2
"1954",530539400042,3
"1955",530539400043,3
"1956",530539400044,3
"1957",530539400045,3
"1958",530539400046,3
"1959",530539400051,3
"1960",530539400052,4
"1961",530539400053,4
"1962",530539400061,3
"1963",530539400062,3
"1964",530539400071,2
"1965",530539400072,2
"1966",530539400073,3
"1967",530539400081,4
"1968",530539400082,4
"1969",530539400083,4
"1970",530539400091,4
"1971",530539400092,4
"1972",530539400101,3
"1973",530539400102,3
"1974",530539400103,3
"1975",530539400111,4
"1976",530539400112,4
"1977",530539400113,1
"1978",530670101001,3
"1979",530670101002,3
"1980",530670101003,2
"1981",530670101004,2
"1982",530670102001,2
"1983",530670102002,2
"1984",530670102003,2
"1985",530670103001,2
"1986",530670103002,2
"1987",530670103003,2
"1988",530670103004,2
"1989",530670104001,2
"1990",530670104002,2
"1991",530670104003,2
"1992",530670105101,2
"1993",530670105201,3
"1994",530670105202,3
"1995",530670105203,3
"1996",530670105204,3
"1997",530670106001,2
"1998",530670106002,2
"1999",530670106003,2
"2000",530670106004,2
"2001",530670106005,3
"2002",530670107001,2
"2003",530670107002,2
"2004",530670107003,2
"2005",530670108001,3
"2006",530670108002,3
"2007",530670108003,4
"2008",530670108004,3
"2009",530670108005,3
"2010",530670109101,3
"2011",530670109102,3
"2012",530670109103,3
"2013",530670109104,3
"2014",530670109201,3
"2015",530670109202,4
"2016",530670109203,3
"2017",530670110001,3
"2018",530670110002,3
"2019",530670110003,3
"2020",530670111001,3
"2021",530670111002,2
"2022",530670112001,2
"2023",530670112002,2
"2024",530670112003,2
"2025",530670112004,2
"2026",530670113001,2
"2027",530670113002,2
"2028",530670113003,2
"2029",530670113004,2
"2030",530670114101,2
"2031",530670114102,2
"2032",530670114103,2
"2033",530670114104,3
"2034",530670114201,2
"2035",530670114202,3
"2036",530670114203,3
"2037",530670114204,2
"2038",530670115001,3
"2039",530670115002,2
"2040",530670115003,3
"2041",530670115004,3
"2042",530670115005,3
"2043",530670116101,2
"2044",530670116102,3
"2045",530670116103,3
"2046",530670116104,3
"2047",530670116211,3
"2048",530670116212,2
"2049",530670116213,2
"2050",530670116221,4
"2051",530670116222,3
"2052",530670116223,3
"2053",530670116231,4
"2054",530670116232,4
"2055",530670116241,4
"2056",530670116242,3
"2057",530670117101,3
"2058",530670117102,3
"2059",530670117103,4
"2060",530670117104,4
"2061",530670117201,4
"2062",530670117202,4
"2063",530670118101,2
"2064",530670118102,3
"2065",530670118211,3
"2066",530670118212,4
"2067",530670118213,3
"2068",530670118221,3
"2069",530670118222,3
"2070",530670118223,3
"2071",530670119001,1
"2072",530670119002,4
"2073",530670119003,4
"2074",530670119004,4
"2075",530670119005,3
"2076",530670120001,3
"2077",530670120002,3
"2078",530670120003,3
"2079",530670121001,4
"2080",530670121002,4
"2081",530670121003,4
"2082",530670121004,3
"2083",530670122111,3
"2084",530670122112,2
"2085",530670122121,2
"2086",530670122122,2
"2087",530670122123,2
"2088",530670122124,2
"2089",530670122211,1
"2090",530670122212,4
"2091",530670122213,3
"2092",530670122221,4
"2093",530670122222,3
"2094",530670123101,2
"2095",530670123102,3
"2096",530670123103,2
"2097",530670123104,2
"2098",530670123105,2
"2099",530670123201,2
"2100",530670123202,3
"2101",530670123301,3
"2102",530670123302,3
"2103",530670124111,4
"2104",530670124112,4
"2105",530670124113,4
"2106",530670124121,4
"2107",530670124122,4
"2108",530670124201,3
"2109",530670124202,4
"2110",530670124203,4
"2111",530670125101,4
"2112",530670125201,3
"2113",530670125202,4
"2114",530670125203,4
"2115",530670125204,2
"2116",530670125301,4
"2117",530670125302,4
"2118",530670125303,2
"2119",530670126101,1
"2120",530670126102,4
"2121",530670126103,3
"2122",530670126104,2
"2123",530670126105,4
"2124",530670126201,4
"2125",530670126202,2
"2126",530670126203,4
"2127",530670126204,1
"2128",530670126205,3
"2129",530670127101,3
"2130",530670127201,3
"2131",530670127202,3
"2132",530670127203,3
"2133",530670127204,4
"2134",530670127205,4
"2135",530670127301,2
"2136",530670127302,4
"2137",530670127303,2
