bg_geo_id,model_id,score,date_obtained
530530714063,8,4,2021-03-10
530530718061,8,5,2021-03-10
530530718071,8,5,2021-03-10
530530609062,8,4,2021-03-10
530530611006,8,4,2021-03-10
530530613001,8,5,2021-03-10
530530626001,8,4,2021-03-10
530530628011,8,5,2021-03-10
530530712103,8,4,2021-03-10
530530713071,8,4,2021-03-10
530530718031,8,5,2021-03-10
530530718052,8,5,2021-03-10
530530718083,8,5,2021-03-10
530530726022,8,4,2021-03-10
530530734052,8,4,2021-03-10
530530602001,8,4,2021-03-10
530530605003,8,4,2021-03-10
530530612004,8,4,2021-03-10
530530616011,8,4,2021-03-10
530530616021,8,4,2021-03-10
530530631002,8,4,2021-03-10
530530635014,8,3,2021-03-10
530530712071,8,4,2021-03-10
530530714112,8,5,2021-03-10
530530715041,8,4,2021-03-10
530530717051,8,4,2021-03-10
530530718034,8,4,2021-03-10
530530718062,8,5,2021-03-10
530530723112,8,5,2021-03-10
530530724071,8,4,2021-03-10
530530733022,8,4,2021-03-10
530530734063,8,5,2021-03-10
530530734072,8,5,2021-03-10
530530612001,8,5,2021-03-10
530530718072,8,4,2021-03-10
530530733012,8,4,2021-03-10
530530730061,8,4,2021-03-10
530330001001,8,4,2021-03-10
530330001002,8,4,2021-03-10
530330001003,8,4,2021-03-10
530330001004,8,4,2021-03-10
530330001005,8,4,2021-03-10
530330002001,8,4,2021-03-10
530330002002,8,4,2021-03-10
530330002003,8,4,2021-03-10
530330002004,8,4,2021-03-10
530330002005,8,4,2021-03-10
530330002006,8,4,2021-03-10
530330003001,8,4,2021-03-10
530330003002,8,4,2021-03-10
530330004011,8,4,2021-03-10
530330004012,8,4,2021-03-10
530330004013,8,4,2021-03-10
530330004021,8,4,2021-03-10
530330004022,8,4,2021-03-10
530330004023,8,4,2021-03-10
530330004024,8,4,2021-03-10
530330005001,8,4,2021-03-10
530330005002,8,4,2021-03-10
530330005003,8,4,2021-03-10
530330006001,8,4,2021-03-10
530330006002,8,4,2021-03-10
530330006003,8,5,2021-03-10
530330006004,8,4,2021-03-10
530330006005,8,4,2021-03-10
530330006006,8,4,2021-03-10
530330007001,8,4,2021-03-10
530330007002,8,4,2021-03-10
530330007003,8,4,2021-03-10
530330007004,8,4,2021-03-10
530330008001,8,4,2021-03-10
530330008002,8,4,2021-03-10
530330009001,8,4,2021-03-10
530330009002,8,4,2021-03-10
530330010001,8,5,2021-03-10
530330010002,8,3,2021-03-10
530330011001,8,4,2021-03-10
530330011002,8,4,2021-03-10
530330012001,8,4,2021-03-10
530330012002,8,4,2021-03-10
530330012003,8,4,2021-03-10
530330012004,8,4,2021-03-10
530330012005,8,4,2021-03-10
530330013001,8,4,2021-03-10
530330013002,8,4,2021-03-10
530330013003,8,4,2021-03-10
530330014001,8,4,2021-03-10
530330014002,8,4,2021-03-10
530330014003,8,4,2021-03-10
530330014004,8,4,2021-03-10
530330015001,8,4,2021-03-10
530330015002,8,4,2021-03-10
530330016001,8,3,2021-03-10
530330016002,8,4,2021-03-10
530330016003,8,4,2021-03-10
530330017011,8,4,2021-03-10
530330017012,8,4,2021-03-10
530330017013,8,4,2021-03-10
530330017021,8,4,2021-03-10
530330017022,8,4,2021-03-10
530330017023,8,4,2021-03-10
530330017024,8,4,2021-03-10
530330018001,8,4,2021-03-10
530330018002,8,4,2021-03-10
530330018003,8,4,2021-03-10
530330019001,8,4,2021-03-10
530330019002,8,4,2021-03-10
530330019003,8,4,2021-03-10
530330020001,8,4,2021-03-10
530330020002,8,4,2021-03-10
530330020003,8,4,2021-03-10
530330021001,8,4,2021-03-10
530330021002,8,4,2021-03-10
530330021003,8,4,2021-03-10
530330022001,8,4,2021-03-10
530330022002,8,4,2021-03-10
530330022003,8,4,2021-03-10
530330022004,8,4,2021-03-10
530330024001,8,4,2021-03-10
530330024002,8,4,2021-03-10
530330024003,8,4,2021-03-10
530330025001,8,3,2021-03-10
530330025002,8,4,2021-03-10
530330026001,8,4,2021-03-10
530330026002,8,4,2021-03-10
530330026003,8,4,2021-03-10
530330026004,8,3,2021-03-10
530330027001,8,4,2021-03-10
530330027002,8,4,2021-03-10
530330027003,8,4,2021-03-10
530330027004,8,4,2021-03-10
530330028001,8,4,2021-03-10
530330028002,8,4,2021-03-10
530330028003,8,4,2021-03-10
530330028004,8,4,2021-03-10
530330029001,8,4,2021-03-10
530330029002,8,4,2021-03-10
530330029003,8,4,2021-03-10
530330030001,8,4,2021-03-10
530330030002,8,4,2021-03-10
530330030003,8,4,2021-03-10
530330030004,8,3,2021-03-10
530330031001,8,3,2021-03-10
530330031002,8,4,2021-03-10
530330031003,8,4,2021-03-10
530330031004,8,4,2021-03-10
530330031005,8,4,2021-03-10
530330032001,8,4,2021-03-10
530330032002,8,4,2021-03-10
530330032003,8,4,2021-03-10
530330032004,8,4,2021-03-10
530330032005,8,4,2021-03-10
530330032006,8,3,2021-03-10
530330032007,8,4,2021-03-10
530330033001,8,4,2021-03-10
530330033002,8,4,2021-03-10
530330033003,8,4,2021-03-10
530330033004,8,4,2021-03-10
530330033005,8,4,2021-03-10
530330034001,8,4,2021-03-10
530330034002,8,4,2021-03-10
530330034003,8,4,2021-03-10
530330035001,8,4,2021-03-10
530330035002,8,4,2021-03-10
530330035003,8,3,2021-03-10
530330036001,8,4,2021-03-10
530330036002,8,3,2021-03-10
530330036003,8,3,2021-03-10
530330036004,8,4,2021-03-10
530330038001,8,4,2021-03-10
530330038002,8,4,2021-03-10
530330039001,8,3,2021-03-10
530330039002,8,3,2021-03-10
530330040001,8,4,2021-03-10
530330040002,8,4,2021-03-10
530330041001,8,4,2021-03-10
530330041002,8,3,2021-03-10
530330041003,8,4,2021-03-10
530330041004,8,4,2021-03-10
530330041005,8,5,2021-03-10
530330041006,8,4,2021-03-10
530330042001,8,3,2021-03-10
530330042002,8,4,2021-03-10
530330042003,8,4,2021-03-10
530330042004,8,4,2021-03-10
530330042005,8,3,2021-03-10
530330043011,8,5,2021-03-10
530330043012,8,3,2021-03-10
530330043013,8,4,2021-03-10
530330043021,8,4,2021-03-10
530330043022,8,4,2021-03-10
530330044001,8,4,2021-03-10
530330044002,8,4,2021-03-10
530330044003,8,4,2021-03-10
530330044004,8,4,2021-03-10
530330045001,8,4,2021-03-10
530330045002,8,4,2021-03-10
530330046001,8,4,2021-03-10
530330046002,8,4,2021-03-10
530330046003,8,3,2021-03-10
530330047001,8,3,2021-03-10
530330047002,8,4,2021-03-10
530330047003,8,4,2021-03-10
530330047004,8,4,2021-03-10
530330048001,8,4,2021-03-10
530330048002,8,3,2021-03-10
530330048003,8,4,2021-03-10
530330048004,8,3,2021-03-10
530330049001,8,4,2021-03-10
530330049002,8,4,2021-03-10
530330049003,8,4,2021-03-10
530330049004,8,4,2021-03-10
530330049005,8,4,2021-03-10
530330050001,8,4,2021-03-10
530330050002,8,3,2021-03-10
530330050003,8,4,2021-03-10
530330051001,8,4,2021-03-10
530330051002,8,4,2021-03-10
530330051003,8,4,2021-03-10
530330052001,8,4,2021-03-10
530330052002,8,4,2021-03-10
530330052003,8,4,2021-03-10
530330052004,8,4,2021-03-10
530330052005,8,4,2021-03-10
530330053011,8,3,2021-03-10
530330053012,8,4,2021-03-10
530330053013,8,4,2021-03-10
530330053014,8,4,2021-03-10
530330053021,8,4,2021-03-10
530330053022,8,4,2021-03-10
530330053023,8,4,2021-03-10
530330054001,8,4,2021-03-10
530330054002,8,4,2021-03-10
530330054003,8,3,2021-03-10
530330054004,8,4,2021-03-10
530330056001,8,4,2021-03-10
530330056002,8,4,2021-03-10
530330056003,8,4,2021-03-10
530330056004,8,4,2021-03-10
530330056005,8,4,2021-03-10
530330057001,8,5,2021-03-10
530330057002,8,4,2021-03-10
530330057003,8,4,2021-03-10
530330057004,8,4,2021-03-10
530330057005,8,4,2021-03-10
530330057006,8,4,2021-03-10
530330058011,8,4,2021-03-10
530330058012,8,4,2021-03-10
530330058013,8,4,2021-03-10
530330058014,8,4,2021-03-10
530330058021,8,4,2021-03-10
530330058022,8,4,2021-03-10
530330058023,8,4,2021-03-10
530330059001,8,4,2021-03-10
530330059002,8,4,2021-03-10
530330059003,8,4,2021-03-10
530330059004,8,3,2021-03-10
530330059005,8,3,2021-03-10
530330060001,8,4,2021-03-10
530330060002,8,3,2021-03-10
530330060003,8,4,2021-03-10
530330060004,8,4,2021-03-10
530330061001,8,4,2021-03-10
530330061002,8,4,2021-03-10
530330061003,8,4,2021-03-10
530330061004,8,4,2021-03-10
530330062001,8,4,2021-03-10
530330062002,8,4,2021-03-10
530330062003,8,4,2021-03-10
530330063001,8,4,2021-03-10
530330063002,8,4,2021-03-10
530330063003,8,4,2021-03-10
530330063004,8,3,2021-03-10
530330064001,8,4,2021-03-10
530330064002,8,4,2021-03-10
530330064003,8,4,2021-03-10
530330065001,8,4,2021-03-10
530330065002,8,4,2021-03-10
530330065003,8,3,2021-03-10
530330066001,8,4,2021-03-10
530330066002,8,4,2021-03-10
530330067001,8,4,2021-03-10
530330067002,8,4,2021-03-10
530330067003,8,4,2021-03-10
530330067004,8,4,2021-03-10
530330068001,8,3,2021-03-10
530330068002,8,3,2021-03-10
530330069001,8,4,2021-03-10
530330069002,8,3,2021-03-10
530330069003,8,4,2021-03-10
530330069004,8,4,2021-03-10
530330070001,8,4,2021-03-10
530330070002,8,4,2021-03-10
530330070003,8,4,2021-03-10
530330070004,8,4,2021-03-10
530330070005,8,4,2021-03-10
530330070006,8,4,2021-03-10
530330071001,8,4,2021-03-10
530330071002,8,4,2021-03-10
530330072001,8,3,2021-03-10
530330072002,8,4,2021-03-10
530330072003,8,4,2021-03-10
530330073001,8,4,2021-03-10
530330073002,8,4,2021-03-10
530330073003,8,4,2021-03-10
530330074011,8,4,2021-03-10
530330074012,8,4,2021-03-10
530330074013,8,4,2021-03-10
530330074014,8,4,2021-03-10
530330074021,8,4,2021-03-10
530330074022,8,4,2021-03-10
530330074023,8,4,2021-03-10
530330075001,8,4,2021-03-10
530330075002,8,4,2021-03-10
530330075003,8,4,2021-03-10
530330075004,8,4,2021-03-10
530330075005,8,4,2021-03-10
530330076001,8,4,2021-03-10
530330076002,8,4,2021-03-10
530330076003,8,4,2021-03-10
530330077001,8,3,2021-03-10
530330077002,8,4,2021-03-10
530330077003,8,4,2021-03-10
530330077004,8,4,2021-03-10
530330078001,8,4,2021-03-10
530330078002,8,4,2021-03-10
530330078003,8,3,2021-03-10
530330078004,8,4,2021-03-10
530330079001,8,4,2021-03-10
530330079002,8,4,2021-03-10
530330079003,8,4,2021-03-10
530330079004,8,4,2021-03-10
530330079005,8,4,2021-03-10
530330080011,8,4,2021-03-10
530330080012,8,4,2021-03-10
530330080013,8,4,2021-03-10
530330080014,8,4,2021-03-10
530330080015,8,4,2021-03-10
530330080021,8,4,2021-03-10
530330080022,8,4,2021-03-10
530330081001,8,4,2021-03-10
530330081002,8,4,2021-03-10
530330081003,8,4,2021-03-10
530330082001,8,4,2021-03-10
530330082002,8,4,2021-03-10
530330082003,8,4,2021-03-10
530330083001,8,4,2021-03-10
530330083002,8,4,2021-03-10
530330084001,8,4,2021-03-10
530330084002,8,4,2021-03-10
530330084003,8,4,2021-03-10
530330085001,8,4,2021-03-10
530330085002,8,4,2021-03-10
530330085003,8,4,2021-03-10
530330086001,8,4,2021-03-10
530330086002,8,4,2021-03-10
530330086003,8,4,2021-03-10
530330087001,8,4,2021-03-10
530330087002,8,4,2021-03-10
530330087003,8,4,2021-03-10
530330088001,8,4,2021-03-10
530330088002,8,4,2021-03-10
530330088003,8,4,2021-03-10
530330089001,8,4,2021-03-10
530330089002,8,3,2021-03-10
530330089003,8,4,2021-03-10
530330089004,8,4,2021-03-10
530330090001,8,4,2021-03-10
530330090002,8,4,2021-03-10
530330091001,8,4,2021-03-10
530330091002,8,4,2021-03-10
530330092001,8,4,2021-03-10
530330092002,8,4,2021-03-10
530330093001,8,4,2021-03-10
530330093002,8,4,2021-03-10
530330093003,8,4,2021-03-10
530330094001,8,3,2021-03-10
530330094002,8,4,2021-03-10
530330094003,8,4,2021-03-10
530330094004,8,4,2021-03-10
530330094005,8,3,2021-03-10
530330095001,8,4,2021-03-10
530330095002,8,4,2021-03-10
530330095003,8,4,2021-03-10
530330095004,8,3,2021-03-10
530330096001,8,4,2021-03-10
530330096002,8,4,2021-03-10
530330096003,8,4,2021-03-10
530330096004,8,4,2021-03-10
530330096005,8,4,2021-03-10
530330097011,8,4,2021-03-10
530330097012,8,5,2021-03-10
530330097013,8,4,2021-03-10
530330097014,8,4,2021-03-10
530330097021,8,4,2021-03-10
530330097022,8,4,2021-03-10
530330097023,8,5,2021-03-10
530330097024,8,4,2021-03-10
530330097025,8,4,2021-03-10
530330098001,8,4,2021-03-10
530330098002,8,4,2021-03-10
530330098003,8,4,2021-03-10
530330098004,8,4,2021-03-10
530330098005,8,4,2021-03-10
530330099001,8,4,2021-03-10
530330099002,8,4,2021-03-10
530330099003,8,5,2021-03-10
530330099004,8,4,2021-03-10
530330100011,8,4,2021-03-10
530330100012,8,4,2021-03-10
530330100013,8,4,2021-03-10
530330100021,8,4,2021-03-10
530330100022,8,4,2021-03-10
530330100023,8,4,2021-03-10
530330100024,8,4,2021-03-10
530330101001,8,4,2021-03-10
530330101002,8,5,2021-03-10
530330101003,8,5,2021-03-10
530330101004,8,4,2021-03-10
530330101005,8,4,2021-03-10
530330102001,8,4,2021-03-10
530330102002,8,4,2021-03-10
530330102003,8,4,2021-03-10
530330102004,8,5,2021-03-10
530330103001,8,4,2021-03-10
530330103002,8,5,2021-03-10
530330103003,8,5,2021-03-10
530330103004,8,4,2021-03-10
530330103005,8,4,2021-03-10
530330104011,8,4,2021-03-10
530330104012,8,4,2021-03-10
530330104013,8,4,2021-03-10
530330104021,8,4,2021-03-10
530330104022,8,4,2021-03-10
530330104023,8,4,2021-03-10
530330104024,8,4,2021-03-10
530330105001,8,4,2021-03-10
530330105002,8,4,2021-03-10
530330105003,8,4,2021-03-10
530330105004,8,4,2021-03-10
530330105005,8,4,2021-03-10
530330106001,8,4,2021-03-10
530330106002,8,4,2021-03-10
530330106003,8,4,2021-03-10
530330106004,8,4,2021-03-10
530330106005,8,4,2021-03-10
530330106006,8,4,2021-03-10
530330107011,8,5,2021-03-10
530330107012,8,5,2021-03-10
530330107021,8,5,2021-03-10
530330107022,8,5,2021-03-10
530330107023,8,5,2021-03-10
530330108001,8,4,2021-03-10
530330108002,8,4,2021-03-10
530330108003,8,4,2021-03-10
530330109001,8,4,2021-03-10
530330109002,8,4,2021-03-10
530330110011,8,4,2021-03-10
530330110012,8,4,2021-03-10
530330110013,8,5,2021-03-10
530330110021,8,4,2021-03-10
530330110022,8,4,2021-03-10
530330110023,8,4,2021-03-10
530330111011,8,4,2021-03-10
530330111012,8,4,2021-03-10
530330111013,8,4,2021-03-10
530330111014,8,4,2021-03-10
530330111021,8,4,2021-03-10
530330111022,8,4,2021-03-10
530330111023,8,4,2021-03-10
530330111024,8,4,2021-03-10
530330112001,8,4,2021-03-10
530330112002,8,4,2021-03-10
530330112003,8,4,2021-03-10
530330113001,8,4,2021-03-10
530330113002,8,5,2021-03-10
530330113003,8,4,2021-03-10
530330113004,8,4,2021-03-10
530330113005,8,3,2021-03-10
530330114011,8,4,2021-03-10
530330114012,8,4,2021-03-10
530330114013,8,4,2021-03-10
530330114021,8,4,2021-03-10
530330114022,8,5,2021-03-10
530330114023,8,5,2021-03-10
530330115001,8,4,2021-03-10
530330115002,8,4,2021-03-10
530330115003,8,4,2021-03-10
530330116001,8,4,2021-03-10
530330116002,8,4,2021-03-10
530330116003,8,4,2021-03-10
530330116004,8,4,2021-03-10
530330116005,8,4,2021-03-10
530330116006,8,4,2021-03-10
530330117001,8,4,2021-03-10
530330117002,8,4,2021-03-10
530330117003,8,4,2021-03-10
530330117004,8,4,2021-03-10
530330118001,8,4,2021-03-10
530330118002,8,4,2021-03-10
530330118003,8,4,2021-03-10
530330118004,8,5,2021-03-10
530330118005,8,4,2021-03-10
530330118006,8,5,2021-03-10
530330119001,8,4,2021-03-10
530330119002,8,4,2021-03-10
530330119003,8,4,2021-03-10
530330119004,8,4,2021-03-10
530330119005,8,4,2021-03-10
530330120001,8,4,2021-03-10
530330120002,8,5,2021-03-10
530330120003,8,4,2021-03-10
530330121001,8,4,2021-03-10
530330121002,8,4,2021-03-10
530330201001,8,4,2021-03-10
530330201002,8,4,2021-03-10
530330201003,8,4,2021-03-10
530330202001,8,4,2021-03-10
530330202002,8,4,2021-03-10
530330202003,8,4,2021-03-10
530330202004,8,4,2021-03-10
530330202005,8,5,2021-03-10
530330203001,8,4,2021-03-10
530330203002,8,5,2021-03-10
530330203003,8,4,2021-03-10
530330203004,8,5,2021-03-10
530330203005,8,4,2021-03-10
530330204011,8,4,2021-03-10
530330204012,8,4,2021-03-10
530330204013,8,5,2021-03-10
530330204021,8,5,2021-03-10
530330204022,8,4,2021-03-10
530330204023,8,4,2021-03-10
530330204024,8,5,2021-03-10
530330204025,8,4,2021-03-10
530330205001,8,4,2021-03-10
530330205002,8,4,2021-03-10
530330205003,8,4,2021-03-10
530330205004,8,4,2021-03-10
530330205005,8,5,2021-03-10
530330205006,8,4,2021-03-10
530330206001,8,5,2021-03-10
530330206002,8,4,2021-03-10
530330206003,8,4,2021-03-10
530330206004,8,5,2021-03-10
530330207001,8,4,2021-03-10
530330207002,8,4,2021-03-10
530330207003,8,4,2021-03-10
530330208001,8,4,2021-03-10
530330208002,8,4,2021-03-10
530330208003,8,4,2021-03-10
530330208004,8,4,2021-03-10
530330209001,8,4,2021-03-10
530330209002,8,4,2021-03-10
530330209003,8,4,2021-03-10
530330210001,8,4,2021-03-10
530330210002,8,4,2021-03-10
530330210003,8,4,2021-03-10
530330210004,8,4,2021-03-10
530330210005,8,4,2021-03-10
530330211001,8,4,2021-03-10
530330211002,8,4,2021-03-10
530330211003,8,4,2021-03-10
530330213001,8,4,2021-03-10
530330213002,8,4,2021-03-10
530330213003,8,4,2021-03-10
530330214001,8,5,2021-03-10
530330214002,8,4,2021-03-10
530330214003,8,4,2021-03-10
530330215001,8,4,2021-03-10
530330215002,8,4,2021-03-10
530330215003,8,4,2021-03-10
530330215004,8,4,2021-03-10
530330216001,8,5,2021-03-10
530330216002,8,4,2021-03-10
530330216003,8,4,2021-03-10
530330216004,8,4,2021-03-10
530330217001,8,5,2021-03-10
530330217002,8,4,2021-03-10
530330217003,8,5,2021-03-10
530330217004,8,5,2021-03-10
530330217005,8,4,2021-03-10
530330218021,8,5,2021-03-10
530330218022,8,4,2021-03-10
530330218023,8,5,2021-03-10
530330218031,8,5,2021-03-10
530330218032,8,4,2021-03-10
530330218033,8,4,2021-03-10
530330218034,8,4,2021-03-10
530330218041,8,4,2021-03-10
530330218042,8,4,2021-03-10
530330218043,8,4,2021-03-10
530330219031,8,4,2021-03-10
530330219032,8,4,2021-03-10
530330219033,8,4,2021-03-10
530330219034,8,4,2021-03-10
530330219035,8,5,2021-03-10
530330219041,8,4,2021-03-10
530330219042,8,5,2021-03-10
530330219043,8,4,2021-03-10
530330219044,8,4,2021-03-10
530330219051,8,4,2021-03-10
530330219052,8,4,2021-03-10
530330219053,8,5,2021-03-10
530330219054,8,4,2021-03-10
530330219061,8,4,2021-03-10
530330219062,8,4,2021-03-10
530330219063,8,5,2021-03-10
530330220011,8,5,2021-03-10
530330220012,8,4,2021-03-10
530330220013,8,3,2021-03-10
530330220031,8,4,2021-03-10
530330220032,8,4,2021-03-10
530330220033,8,4,2021-03-10
530330220034,8,5,2021-03-10
530330220035,8,5,2021-03-10
530330220051,8,4,2021-03-10
530330220052,8,4,2021-03-10
530330220053,8,4,2021-03-10
530330220061,8,4,2021-03-10
530330220062,8,5,2021-03-10
530330220063,8,4,2021-03-10
530330221011,8,4,2021-03-10
530330221012,8,4,2021-03-10
530330221013,8,4,2021-03-10
530330221014,8,4,2021-03-10
530330221021,8,4,2021-03-10
530330221022,8,5,2021-03-10
530330221023,8,4,2021-03-10
530330221024,8,4,2021-03-10
530330222011,8,4,2021-03-10
530330222012,8,4,2021-03-10
530330222013,8,5,2021-03-10
530330222014,8,4,2021-03-10
530330222021,8,4,2021-03-10
530330222022,8,5,2021-03-10
530330222023,8,4,2021-03-10
530330222024,8,4,2021-03-10
530330222025,8,4,2021-03-10
530330222031,8,5,2021-03-10
530330222032,8,4,2021-03-10
530330222033,8,4,2021-03-10
530330223001,8,4,2021-03-10
530330223002,8,4,2021-03-10
530330224001,8,4,2021-03-10
530330224002,8,4,2021-03-10
530330224003,8,4,2021-03-10
530330224004,8,4,2021-03-10
530330224005,8,3,2021-03-10
530330224006,8,4,2021-03-10
530330225001,8,5,2021-03-10
530330225002,8,3,2021-03-10
530330225003,8,4,2021-03-10
530330225004,8,4,2021-03-10
530330225005,8,4,2021-03-10
530330226031,8,4,2021-03-10
530330226032,8,3,2021-03-10
530330226033,8,4,2021-03-10
530330226034,8,5,2021-03-10
530330226035,8,4,2021-03-10
530330226041,8,4,2021-03-10
530330226042,8,4,2021-03-10
530330226043,8,4,2021-03-10
530330226051,8,4,2021-03-10
530330226052,8,4,2021-03-10
530330226053,8,3,2021-03-10
530330226061,8,4,2021-03-10
530330226062,8,3,2021-03-10
530330226063,8,4,2021-03-10
530330226064,8,4,2021-03-10
530330227011,8,4,2021-03-10
530330227012,8,4,2021-03-10
530330227021,8,4,2021-03-10
530330227022,8,4,2021-03-10
530330227023,8,4,2021-03-10
530330227031,8,4,2021-03-10
530330227032,8,5,2021-03-10
530330228011,8,5,2021-03-10
530330228012,8,3,2021-03-10
530330228013,8,4,2021-03-10
530330228014,8,4,2021-03-10
530330228021,8,4,2021-03-10
530330228022,8,3,2021-03-10
530330228023,8,3,2021-03-10
530330228031,8,5,2021-03-10
530330228032,8,3,2021-03-10
530330228033,8,4,2021-03-10
530330229011,8,4,2021-03-10
530330229012,8,4,2021-03-10
530330229021,8,4,2021-03-10
530330229022,8,4,2021-03-10
530330229023,8,3,2021-03-10
530330229024,8,4,2021-03-10
530330229025,8,4,2021-03-10
530330230001,8,3,2021-03-10
530330230002,8,4,2021-03-10
530330230003,8,4,2021-03-10
530330230004,8,3,2021-03-10
530330231001,8,4,2021-03-10
530330231002,8,5,2021-03-10
530330231003,8,3,2021-03-10
530330232011,8,4,2021-03-10
530330232012,8,3,2021-03-10
530330232013,8,3,2021-03-10
530330232021,8,4,2021-03-10
530330232022,8,4,2021-03-10
530330232023,8,4,2021-03-10
530330233001,8,4,2021-03-10
530330233002,8,5,2021-03-10
530330233003,8,4,2021-03-10
530330233004,8,4,2021-03-10
530330234011,8,5,2021-03-10
530330234012,8,4,2021-03-10
530330234013,8,5,2021-03-10
530330234031,8,3,2021-03-10
530330234032,8,4,2021-03-10
530330234033,8,4,2021-03-10
530330234041,8,4,2021-03-10
530330234042,8,4,2021-03-10
530330235001,8,4,2021-03-10
530330235002,8,3,2021-03-10
530330235003,8,4,2021-03-10
530330236011,8,4,2021-03-10
530330236012,8,4,2021-03-10
530330236013,8,4,2021-03-10
530330236031,8,4,2021-03-10
530330236032,8,4,2021-03-10
530330236033,8,4,2021-03-10
530330236034,8,5,2021-03-10
530330236041,8,3,2021-03-10
530330236042,8,3,2021-03-10
530330236043,8,4,2021-03-10
530330236044,8,5,2021-03-10
530330237001,8,4,2021-03-10
530330237002,8,3,2021-03-10
530330237003,8,4,2021-03-10
530330238011,8,4,2021-03-10
530330238012,8,5,2021-03-10
530330238031,8,4,2021-03-10
530330238032,8,4,2021-03-10
530330238041,8,4,2021-03-10
530330238042,8,4,2021-03-10
530330238043,8,4,2021-03-10
530330239001,8,4,2021-03-10
530330239002,8,4,2021-03-10
530330239003,8,3,2021-03-10
530330239004,8,3,2021-03-10
530330240001,8,4,2021-03-10
530330240002,8,3,2021-03-10
530330240003,8,4,2021-03-10
530330240004,8,3,2021-03-10
530330241001,8,4,2021-03-10
530330241002,8,4,2021-03-10
530330241003,8,3,2021-03-10
530330241004,8,4,2021-03-10
530330242001,8,4,2021-03-10
530330242002,8,4,2021-03-10
530330243001,8,4,2021-03-10
530330243002,8,3,2021-03-10
530330243003,8,3,2021-03-10
530330243004,8,4,2021-03-10
530330243005,8,4,2021-03-10
530330244001,8,3,2021-03-10
530330244002,8,5,2021-03-10
530330245001,8,3,2021-03-10
530330245002,8,4,2021-03-10
530330245003,8,3,2021-03-10
530330246011,8,4,2021-03-10
530330246012,8,4,2021-03-10
530330246013,8,4,2021-03-10
530330246021,8,4,2021-03-10
530330246022,8,3,2021-03-10
530330246023,8,4,2021-03-10
530330247011,8,4,2021-03-10
530330247012,8,4,2021-03-10
530330247013,8,4,2021-03-10
530330247021,8,4,2021-03-10
530330247022,8,4,2021-03-10
530330247023,8,3,2021-03-10
530330247024,8,4,2021-03-10
530330247025,8,4,2021-03-10
530330248001,8,4,2021-03-10
530330248002,8,3,2021-03-10
530330248003,8,5,2021-03-10
530330249011,8,4,2021-03-10
530330249012,8,4,2021-03-10
530330249013,8,4,2021-03-10
530330249014,8,4,2021-03-10
530330249021,8,4,2021-03-10
530330249022,8,4,2021-03-10
530330249023,8,5,2021-03-10
530330249031,8,3,2021-03-10
530330249032,8,4,2021-03-10
530330249033,8,4,2021-03-10
530330249034,8,4,2021-03-10
530330250011,8,4,2021-03-10
530330250012,8,4,2021-03-10
530330250013,8,3,2021-03-10
530330250014,8,4,2021-03-10
530330250031,8,4,2021-03-10
530330250032,8,4,2021-03-10
530330250033,8,5,2021-03-10
530330250034,8,4,2021-03-10
530330250035,8,4,2021-03-10
530330250051,8,3,2021-03-10
530330250052,8,4,2021-03-10
530330250061,8,5,2021-03-10
530330250062,8,4,2021-03-10
530330250063,8,4,2021-03-10
530330251011,8,4,2021-03-10
530330251012,8,5,2021-03-10
530330251013,8,5,2021-03-10
530330251014,8,4,2021-03-10
530330251021,8,4,2021-03-10
530330251022,8,4,2021-03-10
530330251023,8,5,2021-03-10
530330251024,8,4,2021-03-10
530330252001,8,4,2021-03-10
530330252002,8,3,2021-03-10
530330252003,8,4,2021-03-10
530330252004,8,5,2021-03-10
530330252005,8,4,2021-03-10
530330253011,8,4,2021-03-10
530330253012,8,4,2021-03-10
530330253013,8,4,2021-03-10
530330253021,8,4,2021-03-10
530330253022,8,4,2021-03-10
530330253023,8,5,2021-03-10
530330254001,8,5,2021-03-10
530330254002,8,5,2021-03-10
530330254003,8,4,2021-03-10
530330254004,8,4,2021-03-10
530330255001,8,4,2021-03-10
530330255002,8,4,2021-03-10
530330255003,8,4,2021-03-10
530330256011,8,4,2021-03-10
530330256012,8,4,2021-03-10
530330256013,8,4,2021-03-10
530330256021,8,5,2021-03-10
530330256022,8,4,2021-03-10
530330256023,8,4,2021-03-10
530330257011,8,4,2021-03-10
530330257012,8,4,2021-03-10
530330257013,8,5,2021-03-10
530330257014,8,5,2021-03-10
530330257015,8,4,2021-03-10
530330257021,8,4,2021-03-10
530330257022,8,4,2021-03-10
530330257023,8,4,2021-03-10
530330258031,8,4,2021-03-10
530330258032,8,4,2021-03-10
530330258033,8,4,2021-03-10
530330258041,8,4,2021-03-10
530330258042,8,4,2021-03-10
530330258043,8,4,2021-03-10
530330258051,8,4,2021-03-10
530330258052,8,5,2021-03-10
530330258053,8,4,2021-03-10
530330258061,8,4,2021-03-10
530330258062,8,4,2021-03-10
530330258063,8,5,2021-03-10
530330260011,8,4,2021-03-10
530330260012,8,4,2021-03-10
530330260013,8,4,2021-03-10
530330260014,8,4,2021-03-10
530330260015,8,4,2021-03-10
530330260021,8,4,2021-03-10
530330260022,8,5,2021-03-10
530330260023,8,4,2021-03-10
530330260024,8,4,2021-03-10
530330261001,8,4,2021-03-10
530330261002,8,5,2021-03-10
530330261003,8,4,2021-03-10
530330261004,8,4,2021-03-10
530330261005,8,5,2021-03-10
530330262001,8,5,2021-03-10
530330262002,8,5,2021-03-10
530330262003,8,4,2021-03-10
530330262004,8,4,2021-03-10
530330263001,8,4,2021-03-10
530330263002,8,4,2021-03-10
530330264001,8,3,2021-03-10
530330264002,8,5,2021-03-10
530330264003,8,4,2021-03-10
530330264004,8,4,2021-03-10
530330264005,8,5,2021-03-10
530330265001,8,5,2021-03-10
530330265002,8,5,2021-03-10
530330265003,8,4,2021-03-10
530330266001,8,4,2021-03-10
530330266002,8,4,2021-03-10
530330267001,8,5,2021-03-10
530330267002,8,4,2021-03-10
530330267003,8,4,2021-03-10
530330267004,8,4,2021-03-10
530330268011,8,5,2021-03-10
530330268012,8,5,2021-03-10
530330268013,8,4,2021-03-10
530330268014,8,5,2021-03-10
530330268021,8,5,2021-03-10
530330268022,8,4,2021-03-10
530330268023,8,4,2021-03-10
530330268024,8,4,2021-03-10
530330270001,8,4,2021-03-10
530330270002,8,4,2021-03-10
530330270003,8,4,2021-03-10
530330271001,8,4,2021-03-10
530330271002,8,5,2021-03-10
530330272001,8,4,2021-03-10
530330272002,8,5,2021-03-10
530330273001,8,4,2021-03-10
530330273002,8,5,2021-03-10
530330273003,8,5,2021-03-10
530330273004,8,4,2021-03-10
530330274001,8,4,2021-03-10
530330274002,8,4,2021-03-10
530330274003,8,4,2021-03-10
530330274004,8,4,2021-03-10
530330275001,8,4,2021-03-10
530330275002,8,4,2021-03-10
530330275003,8,4,2021-03-10
530330275004,8,4,2021-03-10
530330276001,8,5,2021-03-10
530330276002,8,5,2021-03-10
530330276003,8,4,2021-03-10
530330277011,8,5,2021-03-10
530330277012,8,5,2021-03-10
530330277013,8,4,2021-03-10
530330277014,8,4,2021-03-10
530330277015,8,5,2021-03-10
530330277021,8,5,2021-03-10
530330277022,8,4,2021-03-10
530330277023,8,4,2021-03-10
530330277024,8,4,2021-03-10
530330278001,8,4,2021-03-10
530330278002,8,4,2021-03-10
530330278003,8,4,2021-03-10
530330279001,8,5,2021-03-10
530330279002,8,4,2021-03-10
530330279003,8,4,2021-03-10
530330279004,8,5,2021-03-10
530330279005,8,5,2021-03-10
530330279006,8,4,2021-03-10
530330280001,8,5,2021-03-10
530330280002,8,5,2021-03-10
530330280003,8,5,2021-03-10
530330281001,8,4,2021-03-10
530330281002,8,5,2021-03-10
530330282001,8,4,2021-03-10
530330282002,8,4,2021-03-10
530330282003,8,5,2021-03-10
530330283001,8,4,2021-03-10
530330283002,8,4,2021-03-10
530330283003,8,4,2021-03-10
530330284021,8,5,2021-03-10
530330284022,8,4,2021-03-10
530330284023,8,5,2021-03-10
530330284024,8,5,2021-03-10
530330284031,8,4,2021-03-10
530330284032,8,4,2021-03-10
530330284033,8,4,2021-03-10
530330285001,8,5,2021-03-10
530330285002,8,4,2021-03-10
530330285003,8,4,2021-03-10
530330286001,8,4,2021-03-10
530330286002,8,4,2021-03-10
530330286003,8,4,2021-03-10
530330286004,8,4,2021-03-10
530330286005,8,4,2021-03-10
530330286006,8,5,2021-03-10
530330287001,8,4,2021-03-10
530330287002,8,4,2021-03-10
530330287003,8,4,2021-03-10
530330287004,8,5,2021-03-10
530330288011,8,4,2021-03-10
530330288012,8,5,2021-03-10
530330288013,8,4,2021-03-10
530330288021,8,5,2021-03-10
530330288022,8,5,2021-03-10
530330288023,8,5,2021-03-10
530330288024,8,5,2021-03-10
530330289011,8,4,2021-03-10
530330289012,8,4,2021-03-10
530330289013,8,4,2021-03-10
530330289014,8,4,2021-03-10
530330289021,8,5,2021-03-10
530330289022,8,4,2021-03-10
530330289023,8,4,2021-03-10
530330289024,8,5,2021-03-10
530330289025,8,5,2021-03-10
530330290011,8,4,2021-03-10
530330290012,8,4,2021-03-10
530330290013,8,4,2021-03-10
530330290014,8,4,2021-03-10
530330290031,8,4,2021-03-10
530330290032,8,4,2021-03-10
530330290033,8,4,2021-03-10
530330290034,8,5,2021-03-10
530330290035,8,4,2021-03-10
530330290041,8,4,2021-03-10
530330290042,8,5,2021-03-10
530330291011,8,4,2021-03-10
530330291012,8,4,2021-03-10
530330291021,8,4,2021-03-10
530330291022,8,4,2021-03-10
530330291023,8,4,2021-03-10
530330292031,8,4,2021-03-10
530330292032,8,5,2021-03-10
530330292041,8,4,2021-03-10
530330292042,8,4,2021-03-10
530330292043,8,4,2021-03-10
530330292044,8,5,2021-03-10
530330292051,8,4,2021-03-10
530330292052,8,4,2021-03-10
530330292053,8,4,2021-03-10
530330292061,8,5,2021-03-10
530330292062,8,5,2021-03-10
530330292063,8,5,2021-03-10
530330293031,8,4,2021-03-10
530330293032,8,4,2021-03-10
530330293033,8,3,2021-03-10
530330293034,8,4,2021-03-10
530330293035,8,4,2021-03-10
530330293041,8,4,2021-03-10
530330293042,8,4,2021-03-10
530330293043,8,4,2021-03-10
530330293044,8,4,2021-03-10
530330293051,8,4,2021-03-10
530330293052,8,4,2021-03-10
530330293053,8,4,2021-03-10
530330293054,8,4,2021-03-10
530330293061,8,4,2021-03-10
530330293062,8,4,2021-03-10
530330293071,8,4,2021-03-10
530330293072,8,4,2021-03-10
530330293073,8,4,2021-03-10
530330294031,8,4,2021-03-10
530330294032,8,4,2021-03-10
530330294033,8,3,2021-03-10
530330294051,8,4,2021-03-10
530330294052,8,4,2021-03-10
530330294053,8,4,2021-03-10
530330294054,8,5,2021-03-10
530330294055,8,4,2021-03-10
530330294061,8,4,2021-03-10
530330294062,8,4,2021-03-10
530330294071,8,5,2021-03-10
530330294072,8,5,2021-03-10
530330294073,8,4,2021-03-10
530330294081,8,4,2021-03-10
530330294082,8,4,2021-03-10
530330294083,8,5,2021-03-10
530330295021,8,5,2021-03-10
530330295022,8,5,2021-03-10
530330295023,8,4,2021-03-10
530330295024,8,4,2021-03-10
530330295031,8,4,2021-03-10
530330295032,8,5,2021-03-10
530330295033,8,5,2021-03-10
530330295034,8,4,2021-03-10
530330295035,8,5,2021-03-10
530330295041,8,4,2021-03-10
530330295042,8,4,2021-03-10
530330295043,8,4,2021-03-10
530330296011,8,4,2021-03-10
530330296012,8,4,2021-03-10
530330296013,8,5,2021-03-10
530330296014,8,4,2021-03-10
530330296015,8,5,2021-03-10
530330296021,8,4,2021-03-10
530330296022,8,4,2021-03-10
530330296023,8,4,2021-03-10
530330297001,8,4,2021-03-10
530330297002,8,4,2021-03-10
530330297003,8,4,2021-03-10
530330297004,8,4,2021-03-10
530330297005,8,4,2021-03-10
530330298011,8,5,2021-03-10
530330298012,8,4,2021-03-10
530330298013,8,4,2021-03-10
530330298014,8,4,2021-03-10
530330298015,8,4,2021-03-10
530330298021,8,4,2021-03-10
530330298022,8,4,2021-03-10
530330298023,8,3,2021-03-10
530330298024,8,4,2021-03-10
530330298025,8,5,2021-03-10
530330298026,8,4,2021-03-10
530330299011,8,4,2021-03-10
530330299012,8,4,2021-03-10
530330299013,8,5,2021-03-10
530330299021,8,4,2021-03-10
530330299022,8,4,2021-03-10
530330299023,8,4,2021-03-10
530330300031,8,4,2021-03-10
530330300032,8,4,2021-03-10
530330300033,8,4,2021-03-10
530330300034,8,4,2021-03-10
530330300035,8,4,2021-03-10
530330300041,8,5,2021-03-10
530330300042,8,5,2021-03-10
530330300043,8,4,2021-03-10
530330300044,8,4,2021-03-10
530330300045,8,5,2021-03-10
530330300046,8,4,2021-03-10
530330300051,8,5,2021-03-10
530330300052,8,4,2021-03-10
530330300053,8,5,2021-03-10
530330300061,8,4,2021-03-10
530330300062,8,4,2021-03-10
530330301001,8,4,2021-03-10
530330301002,8,4,2021-03-10
530330301003,8,4,2021-03-10
530330301004,8,4,2021-03-10
530330301005,8,4,2021-03-10
530330301006,8,4,2021-03-10
530330301007,8,4,2021-03-10
530330302011,8,4,2021-03-10
530330302012,8,5,2021-03-10
530330302013,8,4,2021-03-10
530330302014,8,4,2021-03-10
530330302021,8,5,2021-03-10
530330302022,8,4,2021-03-10
530330302023,8,4,2021-03-10
530330302024,8,4,2021-03-10
530330302025,8,4,2021-03-10
530330303041,8,4,2021-03-10
530330303042,8,5,2021-03-10
530330303051,8,5,2021-03-10
530330303052,8,4,2021-03-10
530330303053,8,4,2021-03-10
530330303061,8,4,2021-03-10
530330303062,8,4,2021-03-10
530330303063,8,4,2021-03-10
530330303064,8,4,2021-03-10
530330303081,8,4,2021-03-10
530330303082,8,5,2021-03-10
530330303083,8,4,2021-03-10
530330303084,8,4,2021-03-10
530330303091,8,4,2021-03-10
530330303092,8,5,2021-03-10
530330303093,8,4,2021-03-10
530330303094,8,4,2021-03-10
530330303101,8,4,2021-03-10
530330303102,8,4,2021-03-10
530330303103,8,5,2021-03-10
530330303104,8,4,2021-03-10
530330303111,8,4,2021-03-10
530330303112,8,5,2021-03-10
530330303113,8,4,2021-03-10
530330303114,8,5,2021-03-10
530330303121,8,4,2021-03-10
530330303122,8,4,2021-03-10
530330303123,8,5,2021-03-10
530330303124,8,4,2021-03-10
530330303131,8,4,2021-03-10
530330303132,8,4,2021-03-10
530330303141,8,4,2021-03-10
530330303142,8,4,2021-03-10
530330303143,8,4,2021-03-10
530330304011,8,4,2021-03-10
530330304012,8,4,2021-03-10
530330304013,8,5,2021-03-10
530330304014,8,5,2021-03-10
530330304015,8,4,2021-03-10
530330304031,8,4,2021-03-10
530330304032,8,4,2021-03-10
530330304033,8,4,2021-03-10
530330304041,8,4,2021-03-10
530330304042,8,5,2021-03-10
530330304043,8,4,2021-03-10
530330305011,8,4,2021-03-10
530330305012,8,4,2021-03-10
530330305031,8,5,2021-03-10
530330305032,8,5,2021-03-10
530330305041,8,4,2021-03-10
530330305042,8,4,2021-03-10
530330305043,8,5,2021-03-10
530330305044,8,4,2021-03-10
530330306001,8,5,2021-03-10
530330306002,8,4,2021-03-10
530330306003,8,4,2021-03-10
530330306004,8,5,2021-03-10
530330307001,8,4,2021-03-10
530330307002,8,5,2021-03-10
530330307003,8,4,2021-03-10
530330308011,8,5,2021-03-10
530330308012,8,5,2021-03-10
530330308013,8,4,2021-03-10
530330308021,8,5,2021-03-10
530330308022,8,4,2021-03-10
530330308023,8,5,2021-03-10
530330309011,8,4,2021-03-10
530330309012,8,4,2021-03-10
530330309021,8,5,2021-03-10
530330309022,8,4,2021-03-10
530330309023,8,5,2021-03-10
530330310001,8,5,2021-03-10
530330310002,8,4,2021-03-10
530330311001,8,5,2021-03-10
530330311002,8,4,2021-03-10
530330311003,8,4,2021-03-10
530330311004,8,4,2021-03-10
530330311005,8,4,2021-03-10
530330312021,8,4,2021-03-10
530330312022,8,5,2021-03-10
530330312023,8,4,2021-03-10
530330312024,8,5,2021-03-10
530330312025,8,5,2021-03-10
530330312041,8,5,2021-03-10
530330312042,8,4,2021-03-10
530330312043,8,4,2021-03-10
530330312044,8,5,2021-03-10
530330312045,8,4,2021-03-10
530330312051,8,4,2021-03-10
530330312052,8,5,2021-03-10
530330312053,8,5,2021-03-10
530330312061,8,5,2021-03-10
530330312062,8,4,2021-03-10
530330312063,8,4,2021-03-10
530330313011,8,5,2021-03-10
530330313012,8,4,2021-03-10
530330313021,8,5,2021-03-10
530330313022,8,5,2021-03-10
530330313023,8,4,2021-03-10
530330313024,8,5,2021-03-10
530330314001,8,5,2021-03-10
530330314002,8,4,2021-03-10
530330314003,8,4,2021-03-10
530330314004,8,4,2021-03-10
530330314005,8,4,2021-03-10
530330315011,8,5,2021-03-10
530330315012,8,5,2021-03-10
530330315013,8,5,2021-03-10
530330315021,8,4,2021-03-10
530330315022,8,4,2021-03-10
530330315023,8,5,2021-03-10
530330316011,8,5,2021-03-10
530330316012,8,4,2021-03-10
530330316013,8,4,2021-03-10
530330316031,8,5,2021-03-10
530330316032,8,4,2021-03-10
530330316033,8,4,2021-03-10
530330316034,8,4,2021-03-10
530330316041,8,3,2021-03-10
530330316042,8,4,2021-03-10
530330316043,8,5,2021-03-10
530330316051,8,4,2021-03-10
530330316052,8,5,2021-03-10
530330316053,8,4,2021-03-10
530330317031,8,4,2021-03-10
530330317032,8,5,2021-03-10
530330317033,8,4,2021-03-10
530330317034,8,4,2021-03-10
530330317035,8,4,2021-03-10
530330317041,8,4,2021-03-10
530330317042,8,4,2021-03-10
530330317043,8,4,2021-03-10
530330317051,8,4,2021-03-10
530330317052,8,4,2021-03-10
530330317053,8,5,2021-03-10
530330317061,8,4,2021-03-10
530330317062,8,4,2021-03-10
530330317063,8,4,2021-03-10
530330317064,8,4,2021-03-10
530330318001,8,4,2021-03-10
530330318002,8,4,2021-03-10
530330318003,8,4,2021-03-10
530330319031,8,4,2021-03-10
530330319032,8,4,2021-03-10
530330319033,8,5,2021-03-10
530330319034,8,4,2021-03-10
530330319035,8,4,2021-03-10
530330319041,8,4,2021-03-10
530330319042,8,4,2021-03-10
530330319043,8,5,2021-03-10
530330319061,8,4,2021-03-10
530330319062,8,4,2021-03-10
530330319071,8,4,2021-03-10
530330319072,8,4,2021-03-10
530330319073,8,4,2021-03-10
530330319074,8,5,2021-03-10
530330319075,8,4,2021-03-10
530330319081,8,4,2021-03-10
530330319082,8,5,2021-03-10
530330319083,8,4,2021-03-10
530330319091,8,4,2021-03-10
530330319092,8,4,2021-03-10
530330320021,8,4,2021-03-10
530330320022,8,5,2021-03-10
530330320031,8,4,2021-03-10
530330320032,8,4,2021-03-10
530330320033,8,4,2021-03-10
530330320034,8,5,2021-03-10
530330320051,8,4,2021-03-10
530330320052,8,4,2021-03-10
530330320053,8,4,2021-03-10
530330320054,8,4,2021-03-10
530330320055,8,4,2021-03-10
530330320056,8,5,2021-03-10
530330320061,8,4,2021-03-10
530330320062,8,5,2021-03-10
530330320063,8,4,2021-03-10
530330320071,8,4,2021-03-10
530330320072,8,4,2021-03-10
530330320073,8,4,2021-03-10
530330320081,8,4,2021-03-10
530330320082,8,3,2021-03-10
530330320083,8,5,2021-03-10
530330320101,8,4,2021-03-10
530330320102,8,3,2021-03-10
530330320103,8,4,2021-03-10
530330320104,8,5,2021-03-10
530330320111,8,4,2021-03-10
530330320112,8,4,2021-03-10
530330321021,8,4,2021-03-10
530330321022,8,5,2021-03-10
530330321023,8,3,2021-03-10
530330321024,8,4,2021-03-10
530330321031,8,4,2021-03-10
530330321032,8,4,2021-03-10
530330321033,8,5,2021-03-10
530330321034,8,5,2021-03-10
530330321041,8,3,2021-03-10
530330321042,8,4,2021-03-10
530330321043,8,4,2021-03-10
530330322031,8,4,2021-03-10
530330322032,8,5,2021-03-10
530330322033,8,4,2021-03-10
530330322034,8,4,2021-03-10
530330322071,8,3,2021-03-10
530330322072,8,4,2021-03-10
530330322073,8,3,2021-03-10
530330322081,8,3,2021-03-10
530330322082,8,4,2021-03-10
530330322083,8,4,2021-03-10
530330322084,8,5,2021-03-10
530330322085,8,3,2021-03-10
530330322101,8,4,2021-03-10
530330322102,8,4,2021-03-10
530330322103,8,3,2021-03-10
530330322111,8,3,2021-03-10
530330322112,8,4,2021-03-10
530330322113,8,5,2021-03-10
530330322121,8,5,2021-03-10
530330322122,8,3,2021-03-10
530330322123,8,5,2021-03-10
530330322124,8,5,2021-03-10
530330322131,8,5,2021-03-10
530330322132,8,4,2021-03-10
530330322133,8,3,2021-03-10
530330322141,8,4,2021-03-10
530330322142,8,4,2021-03-10
530330322143,8,4,2021-03-10
530330322151,8,3,2021-03-10
530330322152,8,3,2021-03-10
530330323071,8,4,2021-03-10
530330323072,8,5,2021-03-10
530330323073,8,5,2021-03-10
530330323074,8,5,2021-03-10
530330323075,8,5,2021-03-10
530330323091,8,4,2021-03-10
530330323092,8,3,2021-03-10
530330323093,8,5,2021-03-10
530330323111,8,4,2021-03-10
530330323112,8,5,2021-03-10
530330323113,8,4,2021-03-10
530330323114,8,5,2021-03-10
530330323115,8,4,2021-03-10
530330323131,8,4,2021-03-10
530330323132,8,4,2021-03-10
530330323133,8,5,2021-03-10
530330323134,8,4,2021-03-10
530330323151,8,4,2021-03-10
530330323152,8,4,2021-03-10
530330323153,8,4,2021-03-10
530330323161,8,5,2021-03-10
530330323162,8,4,2021-03-10
530330323163,8,4,2021-03-10
530330323164,8,5,2021-03-10
530330323171,8,4,2021-03-10
530330323172,8,4,2021-03-10
530330323173,8,4,2021-03-10
530330323174,8,5,2021-03-10
530330323175,8,5,2021-03-10
530330323181,8,4,2021-03-10
530330323182,8,5,2021-03-10
530330323183,8,4,2021-03-10
530330323184,8,4,2021-03-10
530330323191,8,4,2021-03-10
530330323192,8,5,2021-03-10
530330323193,8,5,2021-03-10
530330323194,8,4,2021-03-10
530330323201,8,4,2021-03-10
530330323202,8,3,2021-03-10
530330323203,8,4,2021-03-10
530330323211,8,4,2021-03-10
530330323212,8,4,2021-03-10
530330323213,8,4,2021-03-10
530330323214,8,4,2021-03-10
530330323221,8,4,2021-03-10
530330323222,8,5,2021-03-10
530330323223,8,4,2021-03-10
530330323231,8,4,2021-03-10
530330323232,8,4,2021-03-10
530330323233,8,4,2021-03-10
530330323234,8,4,2021-03-10
530330323241,8,4,2021-03-10
530330323242,8,4,2021-03-10
530330323243,8,4,2021-03-10
530330323244,8,4,2021-03-10
530330323251,8,5,2021-03-10
530330323252,8,5,2021-03-10
530330323253,8,3,2021-03-10
530330323261,8,4,2021-03-10
530330323262,8,4,2021-03-10
530330323263,8,4,2021-03-10
530330323271,8,4,2021-03-10
530330323272,8,4,2021-03-10
530330323281,8,5,2021-03-10
530330323282,8,4,2021-03-10
530330323283,8,4,2021-03-10
530330323291,8,3,2021-03-10
530330323292,8,4,2021-03-10
530330324011,8,4,2021-03-10
530330324012,8,4,2021-03-10
530330324013,8,4,2021-03-10
530330324014,8,5,2021-03-10
530330324021,8,5,2021-03-10
530330324022,8,5,2021-03-10
530330324023,8,4,2021-03-10
530330324024,8,4,2021-03-10
530330325001,8,5,2021-03-10
530330325002,8,5,2021-03-10
530330325003,8,5,2021-03-10
530330325004,8,4,2021-03-10
530330326011,8,4,2021-03-10
530330326012,8,5,2021-03-10
530330326021,8,5,2021-03-10
530330326022,8,4,2021-03-10
530330326023,8,4,2021-03-10
530330326024,8,4,2021-03-10
530330327021,8,4,2021-03-10
530330327022,8,4,2021-03-10
530330327023,8,4,2021-03-10
530330327024,8,5,2021-03-10
530330327025,8,4,2021-03-10
530330327026,8,5,2021-03-10
530330327031,8,5,2021-03-10
530330327032,8,4,2021-03-10
530330327041,8,4,2021-03-10
530330327042,8,5,2021-03-10
530330327043,8,4,2021-03-10
530330327044,8,5,2021-03-10
530330328001,8,4,2021-03-10
530330328002,8,4,2021-03-10
530330328003,8,5,2021-03-10
530530603001,8,4,2021-03-10
530530603002,8,5,2021-03-10
530530603003,8,4,2021-03-10
530530604001,8,4,2021-03-10
530530604002,8,4,2021-03-10
530530604003,8,5,2021-03-10
530530604004,8,4,2021-03-10
530530604005,8,4,2021-03-10
530530605001,8,4,2021-03-10
530530605002,8,5,2021-03-10
530530605004,8,4,2021-03-10
530530605005,8,4,2021-03-10
530530606001,8,4,2021-03-10
530530606002,8,5,2021-03-10
530530606003,8,5,2021-03-10
530530606004,8,4,2021-03-10
530530606005,8,4,2021-03-10
530530606006,8,5,2021-03-10
530530607001,8,4,2021-03-10
530530607002,8,4,2021-03-10
530530607003,8,5,2021-03-10
530530607004,8,5,2021-03-10
530530607005,8,4,2021-03-10
530530607006,8,5,2021-03-10
530530608001,8,4,2021-03-10
530530608002,8,4,2021-03-10
530530608003,8,5,2021-03-10
530530608004,8,4,2021-03-10
530530608005,8,5,2021-03-10
530530608006,8,4,2021-03-10
530530608007,8,4,2021-03-10
530530609031,8,4,2021-03-10
530530609032,8,4,2021-03-10
530530609033,8,4,2021-03-10
530530609041,8,5,2021-03-10
530530609042,8,4,2021-03-10
530530609043,8,4,2021-03-10
530530609044,8,4,2021-03-10
530530609051,8,4,2021-03-10
530530609052,8,4,2021-03-10
530530609053,8,5,2021-03-10
530530609054,8,4,2021-03-10
530530609055,8,4,2021-03-10
530530609061,8,4,2021-03-10
530530610011,8,4,2021-03-10
530530610012,8,4,2021-03-10
530530610013,8,4,2021-03-10
530530610021,8,4,2021-03-10
530530610022,8,4,2021-03-10
530530610023,8,4,2021-03-10
530530610024,8,4,2021-03-10
530530611001,8,4,2021-03-10
530530611002,8,5,2021-03-10
530530611003,8,4,2021-03-10
530530611004,8,4,2021-03-10
530530611005,8,4,2021-03-10
530530611007,8,5,2021-03-10
530530612002,8,4,2021-03-10
530530612003,8,4,2021-03-10
530530612005,8,4,2021-03-10
530530612006,8,4,2021-03-10
530530613002,8,5,2021-03-10
530530613003,8,4,2021-03-10
530530613004,8,4,2021-03-10
530530613005,8,5,2021-03-10
530530613006,8,5,2021-03-10
530530614001,8,5,2021-03-10
530530614002,8,4,2021-03-10
530530614003,8,4,2021-03-10
530530615001,8,4,2021-03-10
530530615002,8,4,2021-03-10
530530615003,8,4,2021-03-10
530530615004,8,5,2021-03-10
530530617001,8,5,2021-03-10
530530617002,8,5,2021-03-10
530530617003,8,5,2021-03-10
530530617004,8,4,2021-03-10
530530617005,8,4,2021-03-10
530530618001,8,4,2021-03-10
530530618002,8,4,2021-03-10
530530618003,8,4,2021-03-10
530530619001,8,4,2021-03-10
530530619002,8,4,2021-03-10
530530620001,8,5,2021-03-10
530530620002,8,5,2021-03-10
530530620003,8,5,2021-03-10
530530620004,8,5,2021-03-10
530530623001,8,5,2021-03-10
530530623002,8,5,2021-03-10
530530623003,8,4,2021-03-10
530530623004,8,4,2021-03-10
530530624001,8,4,2021-03-10
530530624002,8,5,2021-03-10
530530624003,8,5,2021-03-10
530530624004,8,4,2021-03-10
530530624005,8,4,2021-03-10
530530625001,8,4,2021-03-10
530530625002,8,5,2021-03-10
530530625003,8,4,2021-03-10
530530625004,8,4,2021-03-10
530530625005,8,4,2021-03-10
530530625006,8,4,2021-03-10
530530625007,8,3,2021-03-10
530530626002,8,4,2021-03-10
530530628012,8,5,2021-03-10
530530628013,8,5,2021-03-10
530530628014,8,4,2021-03-10
530530628021,8,5,2021-03-10
530530628022,8,5,2021-03-10
530530628023,8,4,2021-03-10
530530629001,8,4,2021-03-10
530530629002,8,4,2021-03-10
530530629003,8,4,2021-03-10
530530629004,8,4,2021-03-10
530530629005,8,5,2021-03-10
530530629006,8,4,2021-03-10
530530630001,8,4,2021-03-10
530530630002,8,4,2021-03-10
530530631001,8,4,2021-03-10
530530631003,8,4,2021-03-10
530530631004,8,4,2021-03-10
530530632001,8,5,2021-03-10
530530632002,8,4,2021-03-10
530530632003,8,4,2021-03-10
530530632004,8,4,2021-03-10
530530632005,8,4,2021-03-10
530530633001,8,5,2021-03-10
530530633002,8,4,2021-03-10
530530633003,8,4,2021-03-10
530530633004,8,5,2021-03-10
530530633005,8,4,2021-03-10
530530634001,8,3,2021-03-10
530530634002,8,5,2021-03-10
530530634003,8,4,2021-03-10
530530634004,8,4,2021-03-10
530530634005,8,4,2021-03-10
530530634006,8,5,2021-03-10
530530635011,8,3,2021-03-10
530530635012,8,4,2021-03-10
530530635013,8,5,2021-03-10
530530635021,8,4,2021-03-10
530530635022,8,4,2021-03-10
530530635023,8,4,2021-03-10
530530701001,8,5,2021-03-10
530530701003,8,5,2021-03-10
530530701004,8,5,2021-03-10
530530702031,8,5,2021-03-10
530530702032,8,4,2021-03-10
530530702033,8,4,2021-03-10
530530702041,8,5,2021-03-10
530530702042,8,4,2021-03-10
530530702051,8,4,2021-03-10
530530702052,8,4,2021-03-10
530530702061,8,4,2021-03-10
530530702062,8,4,2021-03-10
530530702063,8,4,2021-03-10
530530702071,8,4,2021-03-10
530530702072,8,5,2021-03-10
530530702073,8,5,2021-03-10
530530702074,8,5,2021-03-10
530530703071,8,5,2021-03-10
530530703072,8,4,2021-03-10
530530703073,8,4,2021-03-10
530530703081,8,5,2021-03-10
530530703082,8,5,2021-03-10
530530703091,8,5,2021-03-10
530530703092,8,4,2021-03-10
530530703093,8,4,2021-03-10
530530703101,8,5,2021-03-10
530530703102,8,4,2021-03-10
530530703103,8,5,2021-03-10
530530703104,8,5,2021-03-10
530530703111,8,5,2021-03-10
530530703112,8,5,2021-03-10
530530703113,8,5,2021-03-10
530530703121,8,4,2021-03-10
530530703122,8,4,2021-03-10
530530703123,8,5,2021-03-10
530530703131,8,4,2021-03-10
530530703132,8,4,2021-03-10
530530703133,8,5,2021-03-10
530530703134,8,5,2021-03-10
530530703135,8,4,2021-03-10
530530703141,8,4,2021-03-10
530530703142,8,4,2021-03-10
530530703151,8,4,2021-03-10
530530703152,8,5,2021-03-10
530530703153,8,5,2021-03-10
530530703154,8,4,2021-03-10
530530703161,8,5,2021-03-10
530530703162,8,4,2021-03-10
530530704011,8,3,2021-03-10
530530704012,8,4,2021-03-10
530530704031,8,5,2021-03-10
530530704032,8,4,2021-03-10
530530704033,8,4,2021-03-10
530530704041,8,5,2021-03-10
530530704042,8,4,2021-03-10
530530707031,8,5,2021-03-10
530530707032,8,4,2021-03-10
530530707033,8,4,2021-03-10
530530707034,8,5,2021-03-10
530530707035,8,5,2021-03-10
530530711001,8,4,2021-03-10
530530711002,8,4,2021-03-10
530530712051,8,4,2021-03-10
530530712052,8,4,2021-03-10
530530712061,8,4,2021-03-10
530530712062,8,4,2021-03-10
530530712063,8,4,2021-03-10
530530712064,8,4,2021-03-10
530530712072,8,5,2021-03-10
530530712073,8,4,2021-03-10
530530712081,8,4,2021-03-10
530530712082,8,4,2021-03-10
530530712083,8,4,2021-03-10
530530712091,8,4,2021-03-10
530530712092,8,5,2021-03-10
530530712093,8,4,2021-03-10
530530712101,8,5,2021-03-10
530530712102,8,4,2021-03-10
530530713041,8,4,2021-03-10
530530713042,8,4,2021-03-10
530530713043,8,4,2021-03-10
530530713051,8,4,2021-03-10
530530713052,8,4,2021-03-10
530530713061,8,5,2021-03-10
530530713062,8,4,2021-03-10
530530713063,8,4,2021-03-10
530530713064,8,4,2021-03-10
530530713072,8,4,2021-03-10
530530713073,8,4,2021-03-10
530530713091,8,4,2021-03-10
530530713092,8,5,2021-03-10
530530713093,8,5,2021-03-10
530530713101,8,4,2021-03-10
530530713102,8,4,2021-03-10
530530714031,8,4,2021-03-10
530530714032,8,5,2021-03-10
530530714033,8,4,2021-03-10
530530714061,8,3,2021-03-10
530530714062,8,4,2021-03-10
530530714064,8,5,2021-03-10
530530714071,8,4,2021-03-10
530530714072,8,4,2021-03-10
530530714073,8,5,2021-03-10
530530714074,8,5,2021-03-10
530530714081,8,4,2021-03-10
530530714082,8,4,2021-03-10
530530714083,8,4,2021-03-10
530530714091,8,5,2021-03-10
530530714092,8,4,2021-03-10
530530714093,8,4,2021-03-10
530530714094,8,5,2021-03-10
530530714101,8,4,2021-03-10
530530714102,8,5,2021-03-10
530530714103,8,5,2021-03-10
530530714104,8,4,2021-03-10
530530714111,8,5,2021-03-10
530530714113,8,5,2021-03-10
530530715031,8,5,2021-03-10
530530715032,8,4,2021-03-10
530530715033,8,4,2021-03-10
530530715034,8,4,2021-03-10
530530715042,8,4,2021-03-10
530530715043,8,4,2021-03-10
530530715044,8,5,2021-03-10
530530715051,8,5,2021-03-10
530530715052,8,4,2021-03-10
530530715053,8,4,2021-03-10
530530715054,8,4,2021-03-10
530530715061,8,4,2021-03-10
530530715062,8,4,2021-03-10
530530715063,8,4,2021-03-10
530530716011,8,4,2021-03-10
530530716012,8,4,2021-03-10
530530716021,8,5,2021-03-10
530530716022,8,5,2021-03-10
530530716023,8,4,2021-03-10
530530716024,8,5,2021-03-10
530530717031,8,5,2021-03-10
530530717032,8,5,2021-03-10
530530717041,8,5,2021-03-10
530530717042,8,5,2021-03-10
530530717043,8,5,2021-03-10
530530717052,8,4,2021-03-10
530530717053,8,4,2021-03-10
530530717061,8,5,2021-03-10
530530717071,8,5,2021-03-10
530530717072,8,4,2021-03-10
530530717073,8,4,2021-03-10
530530718032,8,4,2021-03-10
530530718033,8,4,2021-03-10
530530718051,8,5,2021-03-10
530530718053,8,5,2021-03-10
530530718081,8,5,2021-03-10
530530718082,8,4,2021-03-10
530530719011,8,4,2021-03-10
530530719012,8,4,2021-03-10
530530719013,8,4,2021-03-10
530530719014,8,4,2021-03-10
530530719021,8,4,2021-03-10
530530719022,8,4,2021-03-10
530530719023,8,4,2021-03-10
530530719024,8,4,2021-03-10
530530719025,8,4,2021-03-10
530530720001,8,5,2021-03-10
530530720002,8,5,2021-03-10
530530720003,8,5,2021-03-10
530530720004,8,5,2021-03-10
530530721051,8,4,2021-03-10
530530721052,8,4,2021-03-10
530530721053,8,4,2021-03-10
530530721054,8,4,2021-03-10
530530721061,8,5,2021-03-10
530530721062,8,4,2021-03-10
530530721063,8,4,2021-03-10
530530721064,8,5,2021-03-10
530530721071,8,4,2021-03-10
530530721072,8,4,2021-03-10
530530721073,8,4,2021-03-10
530530721074,8,4,2021-03-10
530530721081,8,5,2021-03-10
530530721082,8,5,2021-03-10
530530721083,8,5,2021-03-10
530530721084,8,4,2021-03-10
530530721085,8,4,2021-03-10
530530721091,8,4,2021-03-10
530530721092,8,4,2021-03-10
530530721111,8,4,2021-03-10
530530721112,8,4,2021-03-10
530530721121,8,4,2021-03-10
530530721122,8,5,2021-03-10
530530721123,8,4,2021-03-10
530530723051,8,4,2021-03-10
530530723052,8,5,2021-03-10
530530723053,8,5,2021-03-10
530530723054,8,4,2021-03-10
530530723055,8,4,2021-03-10
530530723056,8,4,2021-03-10
530530723071,8,4,2021-03-10
530530723072,8,5,2021-03-10
530530723073,8,4,2021-03-10
530530723074,8,4,2021-03-10
530530723081,8,4,2021-03-10
530530723082,8,4,2021-03-10
530530723083,8,4,2021-03-10
530530723084,8,4,2021-03-10
530530723085,8,4,2021-03-10
530530723091,8,4,2021-03-10
530530723092,8,5,2021-03-10
530530723093,8,5,2021-03-10
530530723094,8,5,2021-03-10
530530723101,8,4,2021-03-10
530530723102,8,5,2021-03-10
530530723103,8,4,2021-03-10
530530723111,8,4,2021-03-10
530530723113,8,4,2021-03-10
530530723121,8,4,2021-03-10
530530723122,8,4,2021-03-10
530530723123,8,5,2021-03-10
530530723131,8,4,2021-03-10
530530723132,8,4,2021-03-10
530530724051,8,4,2021-03-10
530530724052,8,5,2021-03-10
530530724061,8,4,2021-03-10
530530724062,8,5,2021-03-10
530530724063,8,4,2021-03-10
530530724072,8,4,2021-03-10
530530724073,8,5,2021-03-10
530530724081,8,4,2021-03-10
530530724082,8,4,2021-03-10
530530724083,8,4,2021-03-10
530530724084,8,4,2021-03-10
530530724091,8,5,2021-03-10
530530724092,8,4,2021-03-10
530530724101,8,4,2021-03-10
530530724102,8,4,2021-03-10
530530725031,8,4,2021-03-10
530530725032,8,4,2021-03-10
530530725041,8,4,2021-03-10
530530725042,8,4,2021-03-10
530530725051,8,4,2021-03-10
530530725052,8,4,2021-03-10
530530725053,8,3,2021-03-10
530530725054,8,4,2021-03-10
530530725061,8,4,2021-03-10
530530725062,8,4,2021-03-10
530530725071,8,4,2021-03-10
530530725072,8,4,2021-03-10
530530726011,8,5,2021-03-10
530530726012,8,4,2021-03-10
530530726013,8,5,2021-03-10
530530726021,8,4,2021-03-10
530530726023,8,3,2021-03-10
530530726031,8,3,2021-03-10
530530726032,8,5,2021-03-10
530530726033,8,4,2021-03-10
530530726034,8,5,2021-03-10
530530728001,8,5,2021-03-10
530530728002,8,5,2021-03-10
530530729011,8,5,2021-03-10
530530729031,8,5,2021-03-10
530530729051,8,5,2021-03-10
530530729052,8,5,2021-03-10
530530729053,8,5,2021-03-10
530530729061,8,5,2021-03-10
530530729062,8,5,2021-03-10
530530729071,8,5,2021-03-10
530530729072,8,5,2021-03-10
530530730011,8,3,2021-03-10
530530730012,8,5,2021-03-10
530530730013,8,5,2021-03-10
530530730014,8,4,2021-03-10
530530730015,8,5,2021-03-10
530530730051,8,4,2021-03-10
530530730052,8,4,2021-03-10
530530730053,8,4,2021-03-10
530530730054,8,5,2021-03-10
530530730062,8,5,2021-03-10
530530731081,8,5,2021-03-10
530530731082,8,4,2021-03-10
530530731083,8,5,2021-03-10
530530731101,8,4,2021-03-10
530530731102,8,4,2021-03-10
530530731111,8,5,2021-03-10
530530731112,8,4,2021-03-10
530530731113,8,4,2021-03-10
530530731131,8,4,2021-03-10
530530731132,8,5,2021-03-10
530530731133,8,5,2021-03-10
530530731141,8,4,2021-03-10
530530731142,8,5,2021-03-10
530530731143,8,4,2021-03-10
530530731151,8,4,2021-03-10
530530731152,8,4,2021-03-10
530530731153,8,4,2021-03-10
530530731161,8,4,2021-03-10
530530731162,8,5,2021-03-10
530530731171,8,4,2021-03-10
530530731172,8,5,2021-03-10
530530731181,8,5,2021-03-10
530530731182,8,4,2021-03-10
530530731191,8,4,2021-03-10
530530731192,8,4,2021-03-10
530530731201,8,5,2021-03-10
530530731202,8,5,2021-03-10
530530731211,8,4,2021-03-10
530530731212,8,4,2021-03-10
530530731221,8,4,2021-03-10
530530731222,8,4,2021-03-10
530530731231,8,4,2021-03-10
530530731232,8,4,2021-03-10
530530731241,8,4,2021-03-10
530530731242,8,5,2021-03-10
530530731251,8,4,2021-03-10
530530731252,8,4,2021-03-10
530530731253,8,4,2021-03-10
530530731261,8,5,2021-03-10
530530732001,8,5,2021-03-10
530530732002,8,4,2021-03-10
530530732003,8,4,2021-03-10
530530732004,8,4,2021-03-10
530530733011,8,5,2021-03-10
530530733013,8,4,2021-03-10
530530733014,8,5,2021-03-10
530530733021,8,4,2021-03-10
530530733023,8,4,2021-03-10
530530734041,8,4,2021-03-10
530530734042,8,4,2021-03-10
530530734043,8,4,2021-03-10
530530734044,8,4,2021-03-10
530530734045,8,4,2021-03-10
530530734051,8,4,2021-03-10
530530734061,8,4,2021-03-10
530530734062,8,4,2021-03-10
530530734071,8,4,2021-03-10
530530734073,8,4,2021-03-10
530530734081,8,4,2021-03-10
530530734082,8,4,2021-03-10
530530734083,8,4,2021-03-10
530530735001,8,4,2021-03-10
530530735002,8,5,2021-03-10
530530735003,8,5,2021-03-10
530530735004,8,4,2021-03-10
530530735005,8,4,2021-03-10
530530735006,8,4,2021-03-10
530539400011,8,4,2021-03-10
530539400012,8,4,2021-03-10
530539400021,8,4,2021-03-10
530539400022,8,5,2021-03-10
530539400023,8,4,2021-03-10
530539400031,8,5,2021-03-10
530539400032,8,5,2021-03-10
530539400033,8,5,2021-03-10
530539400041,8,4,2021-03-10
530539400042,8,4,2021-03-10
530539400043,8,4,2021-03-10
530539400044,8,4,2021-03-10
530539400045,8,4,2021-03-10
530539400046,8,4,2021-03-10
530539400051,8,4,2021-03-10
530539400052,8,4,2021-03-10
530539400053,8,4,2021-03-10
530539400061,8,5,2021-03-10
530539400062,8,5,2021-03-10
530539400071,8,4,2021-03-10
530539400072,8,5,2021-03-10
530539400073,8,5,2021-03-10
530539400081,8,4,2021-03-10
530539400082,8,5,2021-03-10
530539400083,8,4,2021-03-10
530539400091,8,4,2021-03-10
530539400092,8,4,2021-03-10
530539400101,8,5,2021-03-10
530539400102,8,4,2021-03-10
530539400103,8,4,2021-03-10
530539400111,8,4,2021-03-10
530539400112,8,4,2021-03-10
530539400113,8,4,2021-03-10
530670101001,8,4,2021-03-10
530670101002,8,4,2021-03-10
530670101003,8,5,2021-03-10
530670101004,8,5,2021-03-10
530670102001,8,4,2021-03-10
530670102002,8,4,2021-03-10
530670102003,8,4,2021-03-10
530670103001,8,5,2021-03-10
530670103002,8,4,2021-03-10
530670103003,8,4,2021-03-10
530670103004,8,5,2021-03-10
530670104001,8,4,2021-03-10
530670104002,8,5,2021-03-10
530670104003,8,4,2021-03-10
530670105101,8,4,2021-03-10
530670105201,8,4,2021-03-10
530670105202,8,5,2021-03-10
530670105203,8,4,2021-03-10
530670105204,8,4,2021-03-10
530670106001,8,4,2021-03-10
530670106002,8,4,2021-03-10
530670106003,8,5,2021-03-10
530670106004,8,5,2021-03-10
530670106005,8,4,2021-03-10
530670107001,8,4,2021-03-10
530670107002,8,5,2021-03-10
530670107003,8,4,2021-03-10
530670108001,8,4,2021-03-10
530670108002,8,4,2021-03-10
530670108003,8,5,2021-03-10
530670108004,8,4,2021-03-10
530670108005,8,4,2021-03-10
530670109101,8,4,2021-03-10
530670109102,8,5,2021-03-10
530670109103,8,5,2021-03-10
530670109104,8,5,2021-03-10
530670109201,8,4,2021-03-10
530670109202,8,5,2021-03-10
530670109203,8,4,2021-03-10
530670110001,8,4,2021-03-10
530670110002,8,5,2021-03-10
530670110003,8,4,2021-03-10
530670111001,8,4,2021-03-10
530670111002,8,4,2021-03-10
530670112001,8,4,2021-03-10
530670112002,8,5,2021-03-10
530670112003,8,4,2021-03-10
530670112004,8,4,2021-03-10
530670113001,8,5,2021-03-10
530670113002,8,4,2021-03-10
530670113003,8,5,2021-03-10
530670113004,8,5,2021-03-10
530670114101,8,5,2021-03-10
530670114102,8,5,2021-03-10
530670114103,8,4,2021-03-10
530670114104,8,4,2021-03-10
530670114201,8,4,2021-03-10
530670114202,8,5,2021-03-10
530670114203,8,4,2021-03-10
530670114204,8,4,2021-03-10
530670115001,8,4,2021-03-10
530670115002,8,5,2021-03-10
530670115003,8,4,2021-03-10
530670115004,8,4,2021-03-10
530670115005,8,4,2021-03-10
530670116101,8,5,2021-03-10
530670116102,8,4,2021-03-10
530670116103,8,4,2021-03-10
530670116104,8,4,2021-03-10
530670116211,8,4,2021-03-10
530670116212,8,4,2021-03-10
530670116213,8,4,2021-03-10
530670116221,8,4,2021-03-10
530670116222,8,5,2021-03-10
530670116223,8,5,2021-03-10
530670116231,8,4,2021-03-10
530670116232,8,4,2021-03-10
530670116241,8,4,2021-03-10
530670116242,8,4,2021-03-10
530670117101,8,4,2021-03-10
530670117102,8,4,2021-03-10
530670117103,8,5,2021-03-10
530670117104,8,4,2021-03-10
530670117201,8,4,2021-03-10
530670117202,8,5,2021-03-10
530670118101,8,4,2021-03-10
530670118102,8,4,2021-03-10
530670118211,8,5,2021-03-10
530670118212,8,4,2021-03-10
530670118213,8,4,2021-03-10
530670118221,8,5,2021-03-10
530670118222,8,4,2021-03-10
530670118223,8,4,2021-03-10
530670119001,8,4,2021-03-10
530670119002,8,4,2021-03-10
530670119003,8,5,2021-03-10
530670119004,8,4,2021-03-10
530670119005,8,4,2021-03-10
530670120001,8,4,2021-03-10
530670120002,8,4,2021-03-10
530670120003,8,4,2021-03-10
530670121001,8,5,2021-03-10
530670121002,8,4,2021-03-10
530670121003,8,4,2021-03-10
530670121004,8,4,2021-03-10
530670122111,8,4,2021-03-10
530670122112,8,4,2021-03-10
530670122121,8,4,2021-03-10
530670122122,8,4,2021-03-10
530670122123,8,4,2021-03-10
530670122124,8,4,2021-03-10
530670122211,8,5,2021-03-10
530670122212,8,4,2021-03-10
530670122213,8,5,2021-03-10
530670122221,8,4,2021-03-10
530670122222,8,4,2021-03-10
530670123101,8,5,2021-03-10
530670123102,8,4,2021-03-10
530670123103,8,4,2021-03-10
530670123104,8,4,2021-03-10
530670123105,8,4,2021-03-10
530670123201,8,4,2021-03-10
530670123202,8,4,2021-03-10
530670123301,8,5,2021-03-10
530670123302,8,4,2021-03-10
530670124111,8,5,2021-03-10
530670124112,8,4,2021-03-10
530670124113,8,4,2021-03-10
530670124121,8,5,2021-03-10
530670124122,8,5,2021-03-10
530670124201,8,4,2021-03-10
530670124202,8,5,2021-03-10
530670124203,8,4,2021-03-10
530670125101,8,4,2021-03-10
530670125201,8,4,2021-03-10
530670125202,8,5,2021-03-10
530670125203,8,5,2021-03-10
530670125204,8,3,2021-03-10
530670125301,8,4,2021-03-10
530670125302,8,5,2021-03-10
530670125303,8,5,2021-03-10
530670126101,8,4,2021-03-10
530670126102,8,5,2021-03-10
530670126103,8,4,2021-03-10
530670126104,8,4,2021-03-10
530670126105,8,5,2021-03-10
530670126201,8,4,2021-03-10
530670126202,8,5,2021-03-10
530670126203,8,5,2021-03-10
530670126204,8,5,2021-03-10
530670126205,8,5,2021-03-10
530670127101,8,4,2021-03-10
530670127201,8,5,2021-03-10
530670127202,8,5,2021-03-10
530670127203,8,5,2021-03-10
530670127204,8,5,2021-03-10
530670127205,8,4,2021-03-10
530670127301,8,5,2021-03-10
530670127302,8,4,2021-03-10
530670127303,8,4,2021-03-10
