"bg_geo_id","score","model_id","date_obtained"
"530330001001","3","11","2021-03-12"
"530330001002","3","11","2021-03-12"
"530330001003","3","11","2021-03-12"
"530330001004","4","11","2021-03-12"
"530330001005","4","11","2021-03-12"
"530330002001","3","11","2021-03-12"
"530330002002","3","11","2021-03-12"
"530330002003","3","11","2021-03-12"
"530330002004","3","11","2021-03-12"
"530330002005","3","11","2021-03-12"
"530330002006","3","11","2021-03-12"
"530330003001","3","11","2021-03-12"
"530330003002","3","11","2021-03-12"
"530330004011","3","11","2021-03-12"
"530330004012","3","11","2021-03-12"
"530330004013","2","11","2021-03-12"
"530330004021","3","11","2021-03-12"
"530330004022","3","11","2021-03-12"
"530330004023","4","11","2021-03-12"
"530330004024","3","11","2021-03-12"
"530330005001","2","11","2021-03-12"
"530330005002","3","11","2021-03-12"
"530330005003","3","11","2021-03-12"
"530330006001","3","11","2021-03-12"
"530330006002","3","11","2021-03-12"
"530330006003","4","11","2021-03-12"
"530330006004","3","11","2021-03-12"
"530330006005","3","11","2021-03-12"
"530330006006","3","11","2021-03-12"
"530330007001","3","11","2021-03-12"
"530330007002","3","11","2021-03-12"
"530330007003","3","11","2021-03-12"
"530330007004","3","11","2021-03-12"
"530330008001","3","11","2021-03-12"
"530330008002","3","11","2021-03-12"
"530330009001","3","11","2021-03-12"
"530330009002","3","11","2021-03-12"
"530330010001","3","11","2021-03-12"
"530330010002","3","11","2021-03-12"
"530330011001","3","11","2021-03-12"
"530330011002","3","11","2021-03-12"
"530330012001","3","11","2021-03-12"
"530330012002","3","11","2021-03-12"
"530330012003","3","11","2021-03-12"
"530330012004","4","11","2021-03-12"
"530330012005","4","11","2021-03-12"
"530330013001","3","11","2021-03-12"
"530330013002","3","11","2021-03-12"
"530330013003","3","11","2021-03-12"
"530330014001","3","11","2021-03-12"
"530330014002","3","11","2021-03-12"
"530330014003","3","11","2021-03-12"
"530330014004","3","11","2021-03-12"
"530330015001","3","11","2021-03-12"
"530330015002","3","11","2021-03-12"
"530330016001","3","11","2021-03-12"
"530330016002","3","11","2021-03-12"
"530330016003","3","11","2021-03-12"
"530330017011","4","11","2021-03-12"
"530330017012","3","11","2021-03-12"
"530330017013","3","11","2021-03-12"
"530330017021","3","11","2021-03-12"
"530330017022","3","11","2021-03-12"
"530330017023","3","11","2021-03-12"
"530330017024","3","11","2021-03-12"
"530330018001","3","11","2021-03-12"
"530330018002","4","11","2021-03-12"
"530330018003","4","11","2021-03-12"
"530330019001","3","11","2021-03-12"
"530330019002","3","11","2021-03-12"
"530330019003","3","11","2021-03-12"
"530330020001","3","11","2021-03-12"
"530330020002","3","11","2021-03-12"
"530330020003","3","11","2021-03-12"
"530330021001","3","11","2021-03-12"
"530330021002","3","11","2021-03-12"
"530330021003","3","11","2021-03-12"
"530330022001","3","11","2021-03-12"
"530330022002","3","11","2021-03-12"
"530330022003","3","11","2021-03-12"
"530330022004","3","11","2021-03-12"
"530330024001","3","11","2021-03-12"
"530330024002","3","11","2021-03-12"
"530330024003","3","11","2021-03-12"
"530330025001","3","11","2021-03-12"
"530330025002","3","11","2021-03-12"
"530330026001","3","11","2021-03-12"
"530330026002","3","11","2021-03-12"
"530330026003","4","11","2021-03-12"
"530330026004","3","11","2021-03-12"
"530330027001","4","11","2021-03-12"
"530330027002","4","11","2021-03-12"
"530330027003","3","11","2021-03-12"
"530330027004","3","11","2021-03-12"
"530330028001","3","11","2021-03-12"
"530330028002","3","11","2021-03-12"
"530330028003","3","11","2021-03-12"
"530330028004","3","11","2021-03-12"
"530330029001","3","11","2021-03-12"
"530330029002","3","11","2021-03-12"
"530330029003","3","11","2021-03-12"
"530330030001","3","11","2021-03-12"
"530330030002","3","11","2021-03-12"
"530330030003","3","11","2021-03-12"
"530330030004","3","11","2021-03-12"
"530330031001","3","11","2021-03-12"
"530330031002","3","11","2021-03-12"
"530330031003","3","11","2021-03-12"
"530330031004","3","11","2021-03-12"
"530330031005","3","11","2021-03-12"
"530330032001","4","11","2021-03-12"
"530330032002","3","11","2021-03-12"
"530330032003","4","11","2021-03-12"
"530330032004","3","11","2021-03-12"
"530330032005","3","11","2021-03-12"
"530330032006","3","11","2021-03-12"
"530330032007","3","11","2021-03-12"
"530330033001","3","11","2021-03-12"
"530330033002","3","11","2021-03-12"
"530330033003","3","11","2021-03-12"
"530330033004","3","11","2021-03-12"
"530330033005","3","11","2021-03-12"
"530330034001","3","11","2021-03-12"
"530330034002","3","11","2021-03-12"
"530330034003","4","11","2021-03-12"
"530330035001","3","11","2021-03-12"
"530330035002","3","11","2021-03-12"
"530330035003","3","11","2021-03-12"
"530330036001","4","11","2021-03-12"
"530330036002","4","11","2021-03-12"
"530330036003","3","11","2021-03-12"
"530330036004","4","11","2021-03-12"
"530330038001","3","11","2021-03-12"
"530330038002","3","11","2021-03-12"
"530330039001","3","11","2021-03-12"
"530330039002","3","11","2021-03-12"
"530330040001","3","11","2021-03-12"
"530330040002","3","11","2021-03-12"
"530330041001","3","11","2021-03-12"
"530330041002","3","11","2021-03-12"
"530330041003","3","11","2021-03-12"
"530330041004","3","11","2021-03-12"
"530330041005","3","11","2021-03-12"
"530330041006","3","11","2021-03-12"
"530330042001","3","11","2021-03-12"
"530330042002","3","11","2021-03-12"
"530330042003","3","11","2021-03-12"
"530330042004","3","11","2021-03-12"
"530330042005","3","11","2021-03-12"
"530330043011","4","11","2021-03-12"
"530330043012","3","11","2021-03-12"
"530330043013","3","11","2021-03-12"
"530330043021","4","11","2021-03-12"
"530330043022","4","11","2021-03-12"
"530330044001","4","11","2021-03-12"
"530330044002","4","11","2021-03-12"
"530330044003","4","11","2021-03-12"
"530330044004","4","11","2021-03-12"
"530330045001","4","11","2021-03-12"
"530330045002","4","11","2021-03-12"
"530330046001","3","11","2021-03-12"
"530330046002","3","11","2021-03-12"
"530330046003","3","11","2021-03-12"
"530330047001","3","11","2021-03-12"
"530330047002","4","11","2021-03-12"
"530330047003","3","11","2021-03-12"
"530330047004","3","11","2021-03-12"
"530330048001","3","11","2021-03-12"
"530330048002","3","11","2021-03-12"
"530330048003","3","11","2021-03-12"
"530330048004","3","11","2021-03-12"
"530330049001","3","11","2021-03-12"
"530330049002","4","11","2021-03-12"
"530330049003","4","11","2021-03-12"
"530330049004","4","11","2021-03-12"
"530330049005","4","11","2021-03-12"
"530330050001","4","11","2021-03-12"
"530330050002","4","11","2021-03-12"
"530330050003","4","11","2021-03-12"
"530330051001","3","11","2021-03-12"
"530330051002","3","11","2021-03-12"
"530330051003","3","11","2021-03-12"
"530330052001","4","11","2021-03-12"
"530330052002","4","11","2021-03-12"
"530330052003","3","11","2021-03-12"
"530330052004","4","11","2021-03-12"
"530330052005","4","11","2021-03-12"
"530330053011","4","11","2021-03-12"
"530330053012","4","11","2021-03-12"
"530330053013","4","11","2021-03-12"
"530330053014","4","11","2021-03-12"
"530330053021","4","11","2021-03-12"
"530330053022","4","11","2021-03-12"
"530330053023","4","11","2021-03-12"
"530330054001","3","11","2021-03-12"
"530330054002","3","11","2021-03-12"
"530330054003","4","11","2021-03-12"
"530330054004","4","11","2021-03-12"
"530330056001","3","11","2021-03-12"
"530330056002","3","11","2021-03-12"
"530330056003","2","11","2021-03-12"
"530330056004","3","11","2021-03-12"
"530330056005","3","11","2021-03-12"
"530330057001","3","11","2021-03-12"
"530330057002","2","11","2021-03-12"
"530330057003","3","11","2021-03-12"
"530330057004","3","11","2021-03-12"
"530330057005","3","11","2021-03-12"
"530330057006","3","11","2021-03-12"
"530330058011","4","11","2021-03-12"
"530330058012","3","11","2021-03-12"
"530330058013","3","11","2021-03-12"
"530330058014","3","11","2021-03-12"
"530330058021","3","11","2021-03-12"
"530330058022","4","11","2021-03-12"
"530330058023","3","11","2021-03-12"
"530330059001","4","11","2021-03-12"
"530330059002","3","11","2021-03-12"
"530330059003","4","11","2021-03-12"
"530330059004","3","11","2021-03-12"
"530330059005","3","11","2021-03-12"
"530330060001","3","11","2021-03-12"
"530330060002","3","11","2021-03-12"
"530330060003","3","11","2021-03-12"
"530330060004","4","11","2021-03-12"
"530330061001","3","11","2021-03-12"
"530330061002","3","11","2021-03-12"
"530330061003","3","11","2021-03-12"
"530330061004","3","11","2021-03-12"
"530330062001","3","11","2021-03-12"
"530330062002","3","11","2021-03-12"
"530330062003","3","11","2021-03-12"
"530330063001","3","11","2021-03-12"
"530330063002","2","11","2021-03-12"
"530330063003","3","11","2021-03-12"
"530330063004","3","11","2021-03-12"
"530330064001","3","11","2021-03-12"
"530330064002","3","11","2021-03-12"
"530330064003","3","11","2021-03-12"
"530330065001","3","11","2021-03-12"
"530330065002","3","11","2021-03-12"
"530330065003","3","11","2021-03-12"
"530330066001","4","11","2021-03-12"
"530330066002","4","11","2021-03-12"
"530330067001","4","11","2021-03-12"
"530330067002","4","11","2021-03-12"
"530330067003","3","11","2021-03-12"
"530330067004","3","11","2021-03-12"
"530330068001","3","11","2021-03-12"
"530330068002","3","11","2021-03-12"
"530330069001","3","11","2021-03-12"
"530330069002","3","11","2021-03-12"
"530330069003","3","11","2021-03-12"
"530330069004","3","11","2021-03-12"
"530330070001","3","11","2021-03-12"
"530330070002","3","11","2021-03-12"
"530330070003","3","11","2021-03-12"
"530330070004","3","11","2021-03-12"
"530330070005","3","11","2021-03-12"
"530330070006","3","11","2021-03-12"
"530330071001","4","11","2021-03-12"
"530330071002","4","11","2021-03-12"
"530330072001","4","11","2021-03-12"
"530330072002","4","11","2021-03-12"
"530330072003","3","11","2021-03-12"
"530330073001","4","11","2021-03-12"
"530330073002","3","11","2021-03-12"
"530330073003","3","11","2021-03-12"
"530330074011","4","11","2021-03-12"
"530330074012","4","11","2021-03-12"
"530330074013","3","11","2021-03-12"
"530330074014","3","11","2021-03-12"
"530330074021","4","11","2021-03-12"
"530330074022","4","11","2021-03-12"
"530330074023","4","11","2021-03-12"
"530330075001","3","11","2021-03-12"
"530330075002","4","11","2021-03-12"
"530330075003","3","11","2021-03-12"
"530330075004","4","11","2021-03-12"
"530330075005","4","11","2021-03-12"
"530330076001","3","11","2021-03-12"
"530330076002","3","11","2021-03-12"
"530330076003","3","11","2021-03-12"
"530330077001","3","11","2021-03-12"
"530330077002","3","11","2021-03-12"
"530330077003","3","11","2021-03-12"
"530330077004","3","11","2021-03-12"
"530330078001","2","11","2021-03-12"
"530330078002","3","11","2021-03-12"
"530330078003","3","11","2021-03-12"
"530330078004","3","11","2021-03-12"
"530330079001","4","11","2021-03-12"
"530330079002","4","11","2021-03-12"
"530330079003","3","11","2021-03-12"
"530330079004","3","11","2021-03-12"
"530330079005","4","11","2021-03-12"
"530330080011","3","11","2021-03-12"
"530330080012","3","11","2021-03-12"
"530330080013","3","11","2021-03-12"
"530330080014","3","11","2021-03-12"
"530330080015","4","11","2021-03-12"
"530330080021","3","11","2021-03-12"
"530330080022","3","11","2021-03-12"
"530330081001","3","11","2021-03-12"
"530330081002","3","11","2021-03-12"
"530330081003","2","11","2021-03-12"
"530330082001","3","11","2021-03-12"
"530330082002","4","11","2021-03-12"
"530330082003","2","11","2021-03-12"
"530330083001","3","11","2021-03-12"
"530330083002","3","11","2021-03-12"
"530330084001","4","11","2021-03-12"
"530330084002","3","11","2021-03-12"
"530330084003","4","11","2021-03-12"
"530330085001","3","11","2021-03-12"
"530330085002","4","11","2021-03-12"
"530330085003","3","11","2021-03-12"
"530330086001","4","11","2021-03-12"
"530330086002","4","11","2021-03-12"
"530330086003","4","11","2021-03-12"
"530330087001","4","11","2021-03-12"
"530330087002","4","11","2021-03-12"
"530330087003","3","11","2021-03-12"
"530330088001","3","11","2021-03-12"
"530330088002","3","11","2021-03-12"
"530330088003","3","11","2021-03-12"
"530330089001","3","11","2021-03-12"
"530330089002","3","11","2021-03-12"
"530330089003","3","11","2021-03-12"
"530330089004","3","11","2021-03-12"
"530330090001","3","11","2021-03-12"
"530330090002","3","11","2021-03-12"
"530330091001","2","11","2021-03-12"
"530330091002","3","11","2021-03-12"
"530330092001","3","11","2021-03-12"
"530330092002","3","11","2021-03-12"
"530330093001","3","11","2021-03-12"
"530330093002","3","11","2021-03-12"
"530330093003","3","11","2021-03-12"
"530330094001","3","11","2021-03-12"
"530330094002","3","11","2021-03-12"
"530330094003","3","11","2021-03-12"
"530330094004","3","11","2021-03-12"
"530330094005","3","11","2021-03-12"
"530330095001","3","11","2021-03-12"
"530330095002","3","11","2021-03-12"
"530330095003","3","11","2021-03-12"
"530330095004","3","11","2021-03-12"
"530330096001","3","11","2021-03-12"
"530330096002","3","11","2021-03-12"
"530330096003","3","11","2021-03-12"
"530330096004","3","11","2021-03-12"
"530330096005","2","11","2021-03-12"
"530330097011","3","11","2021-03-12"
"530330097012","3","11","2021-03-12"
"530330097013","3","11","2021-03-12"
"530330097014","3","11","2021-03-12"
"530330097021","3","11","2021-03-12"
"530330097022","3","11","2021-03-12"
"530330097023","3","11","2021-03-12"
"530330097024","3","11","2021-03-12"
"530330097025","3","11","2021-03-12"
"530330098001","3","11","2021-03-12"
"530330098002","3","11","2021-03-12"
"530330098003","3","11","2021-03-12"
"530330098004","3","11","2021-03-12"
"530330098005","3","11","2021-03-12"
"530330099001","3","11","2021-03-12"
"530330099002","3","11","2021-03-12"
"530330099003","3","11","2021-03-12"
"530330099004","3","11","2021-03-12"
"530330100011","3","11","2021-03-12"
"530330100012","3","11","2021-03-12"
"530330100013","4","11","2021-03-12"
"530330100021","3","11","2021-03-12"
"530330100022","4","11","2021-03-12"
"530330100023","3","11","2021-03-12"
"530330100024","3","11","2021-03-12"
"530330101001","3","11","2021-03-12"
"530330101002","4","11","2021-03-12"
"530330101003","4","11","2021-03-12"
"530330101004","3","11","2021-03-12"
"530330101005","3","11","2021-03-12"
"530330102001","3","11","2021-03-12"
"530330102002","3","11","2021-03-12"
"530330102003","3","11","2021-03-12"
"530330102004","3","11","2021-03-12"
"530330103001","3","11","2021-03-12"
"530330103002","3","11","2021-03-12"
"530330103003","4","11","2021-03-12"
"530330103004","3","11","2021-03-12"
"530330103005","3","11","2021-03-12"
"530330104011","3","11","2021-03-12"
"530330104012","3","11","2021-03-12"
"530330104013","3","11","2021-03-12"
"530330104021","3","11","2021-03-12"
"530330104022","3","11","2021-03-12"
"530330104023","3","11","2021-03-12"
"530330104024","3","11","2021-03-12"
"530330105001","2","11","2021-03-12"
"530330105002","3","11","2021-03-12"
"530330105003","3","11","2021-03-12"
"530330105004","4","11","2021-03-12"
"530330105005","3","11","2021-03-12"
"530330106001","3","11","2021-03-12"
"530330106002","3","11","2021-03-12"
"530330106003","3","11","2021-03-12"
"530330106004","3","11","2021-03-12"
"530330106005","3","11","2021-03-12"
"530330106006","3","11","2021-03-12"
"530330107011","3","11","2021-03-12"
"530330107012","3","11","2021-03-12"
"530330107021","3","11","2021-03-12"
"530330107022","4","11","2021-03-12"
"530330107023","4","11","2021-03-12"
"530330108001","3","11","2021-03-12"
"530330108002","3","11","2021-03-12"
"530330108003","3","11","2021-03-12"
"530330109001","3","11","2021-03-12"
"530330109002","3","11","2021-03-12"
"530330110011","3","11","2021-03-12"
"530330110012","2","11","2021-03-12"
"530330110013","3","11","2021-03-12"
"530330110021","3","11","2021-03-12"
"530330110022","4","11","2021-03-12"
"530330110023","3","11","2021-03-12"
"530330111011","3","11","2021-03-12"
"530330111012","3","11","2021-03-12"
"530330111013","3","11","2021-03-12"
"530330111014","3","11","2021-03-12"
"530330111021","2","11","2021-03-12"
"530330111022","4","11","2021-03-12"
"530330111023","3","11","2021-03-12"
"530330111024","3","11","2021-03-12"
"530330112001","3","11","2021-03-12"
"530330112002","3","11","2021-03-12"
"530330112003","4","11","2021-03-12"
"530330113001","3","11","2021-03-12"
"530330113002","4","11","2021-03-12"
"530330113003","3","11","2021-03-12"
"530330113004","3","11","2021-03-12"
"530330113005","3","11","2021-03-12"
"530330114011","4","11","2021-03-12"
"530330114012","3","11","2021-03-12"
"530330114013","3","11","2021-03-12"
"530330114021","3","11","2021-03-12"
"530330114022","3","11","2021-03-12"
"530330114023","3","11","2021-03-12"
"530330115001","3","11","2021-03-12"
"530330115002","3","11","2021-03-12"
"530330115003","3","11","2021-03-12"
"530330116001","3","11","2021-03-12"
"530330116002","3","11","2021-03-12"
"530330116003","3","11","2021-03-12"
"530330116004","3","11","2021-03-12"
"530330116005","3","11","2021-03-12"
"530330116006","3","11","2021-03-12"
"530330117001","3","11","2021-03-12"
"530330117002","3","11","2021-03-12"
"530330117003","3","11","2021-03-12"
"530330117004","3","11","2021-03-12"
"530330118001","2","11","2021-03-12"
"530330118002","3","11","2021-03-12"
"530330118003","3","11","2021-03-12"
"530330118004","3","11","2021-03-12"
"530330118005","4","11","2021-03-12"
"530330118006","4","11","2021-03-12"
"530330119001","3","11","2021-03-12"
"530330119002","3","11","2021-03-12"
"530330119003","3","11","2021-03-12"
"530330119004","3","11","2021-03-12"
"530330119005","3","11","2021-03-12"
"530330120001","3","11","2021-03-12"
"530330120002","3","11","2021-03-12"
"530330120003","3","11","2021-03-12"
"530330121001","3","11","2021-03-12"
"530330121002","3","11","2021-03-12"
"530330201001","2","11","2021-03-12"
"530330201002","3","11","2021-03-12"
"530330201003","2","11","2021-03-12"
"530330202001","3","11","2021-03-12"
"530330202002","2","11","2021-03-12"
"530330202003","2","11","2021-03-12"
"530330202004","3","11","2021-03-12"
"530330202005","3","11","2021-03-12"
"530330203001","3","11","2021-03-12"
"530330203002","3","11","2021-03-12"
"530330203003","3","11","2021-03-12"
"530330203004","3","11","2021-03-12"
"530330203005","3","11","2021-03-12"
"530330204011","3","11","2021-03-12"
"530330204012","3","11","2021-03-12"
"530330204013","3","11","2021-03-12"
"530330204021","3","11","2021-03-12"
"530330204022","3","11","2021-03-12"
"530330204023","3","11","2021-03-12"
"530330204024","3","11","2021-03-12"
"530330204025","3","11","2021-03-12"
"530330205001","3","11","2021-03-12"
"530330205002","3","11","2021-03-12"
"530330205003","3","11","2021-03-12"
"530330205004","3","11","2021-03-12"
"530330205005","4","11","2021-03-12"
"530330205006","3","11","2021-03-12"
"530330206001","3","11","2021-03-12"
"530330206002","3","11","2021-03-12"
"530330206003","3","11","2021-03-12"
"530330206004","3","11","2021-03-12"
"530330207001","3","11","2021-03-12"
"530330207002","3","11","2021-03-12"
"530330207003","3","11","2021-03-12"
"530330208001","3","11","2021-03-12"
"530330208002","3","11","2021-03-12"
"530330208003","3","11","2021-03-12"
"530330208004","2","11","2021-03-12"
"530330209001","3","11","2021-03-12"
"530330209002","3","11","2021-03-12"
"530330209003","2","11","2021-03-12"
"530330210001","3","11","2021-03-12"
"530330210002","3","11","2021-03-12"
"530330210003","3","11","2021-03-12"
"530330210004","3","11","2021-03-12"
"530330210005","3","11","2021-03-12"
"530330211001","3","11","2021-03-12"
"530330211002","3","11","2021-03-12"
"530330211003","3","11","2021-03-12"
"530330213001","3","11","2021-03-12"
"530330213002","3","11","2021-03-12"
"530330213003","3","11","2021-03-12"
"530330214001","3","11","2021-03-12"
"530330214002","3","11","2021-03-12"
"530330214003","3","11","2021-03-12"
"530330215001","3","11","2021-03-12"
"530330215002","3","11","2021-03-12"
"530330215003","2","11","2021-03-12"
"530330215004","3","11","2021-03-12"
"530330216001","3","11","2021-03-12"
"530330216002","3","11","2021-03-12"
"530330216003","3","11","2021-03-12"
"530330216004","3","11","2021-03-12"
"530330217001","4","11","2021-03-12"
"530330217002","3","11","2021-03-12"
"530330217003","3","11","2021-03-12"
"530330217004","3","11","2021-03-12"
"530330217005","3","11","2021-03-12"
"530330218021","3","11","2021-03-12"
"530330218022","4","11","2021-03-12"
"530330218023","3","11","2021-03-12"
"530330218031","3","11","2021-03-12"
"530330218032","3","11","2021-03-12"
"530330218033","3","11","2021-03-12"
"530330218034","3","11","2021-03-12"
"530330218041","3","11","2021-03-12"
"530330218042","4","11","2021-03-12"
"530330218043","3","11","2021-03-12"
"530330219031","3","11","2021-03-12"
"530330219032","3","11","2021-03-12"
"530330219033","3","11","2021-03-12"
"530330219034","3","11","2021-03-12"
"530330219035","3","11","2021-03-12"
"530330219041","3","11","2021-03-12"
"530330219042","3","11","2021-03-12"
"530330219043","3","11","2021-03-12"
"530330219044","3","11","2021-03-12"
"530330219051","3","11","2021-03-12"
"530330219052","3","11","2021-03-12"
"530330219053","4","11","2021-03-12"
"530330219054","3","11","2021-03-12"
"530330219061","3","11","2021-03-12"
"530330219062","3","11","2021-03-12"
"530330219063","4","11","2021-03-12"
"530330220011","3","11","2021-03-12"
"530330220012","3","11","2021-03-12"
"530330220013","3","11","2021-03-12"
"530330220031","3","11","2021-03-12"
"530330220032","4","11","2021-03-12"
"530330220033","3","11","2021-03-12"
"530330220034","3","11","2021-03-12"
"530330220035","4","11","2021-03-12"
"530330220051","4","11","2021-03-12"
"530330220052","3","11","2021-03-12"
"530330220053","3","11","2021-03-12"
"530330220061","2","11","2021-03-12"
"530330220062","3","11","2021-03-12"
"530330220063","3","11","2021-03-12"
"530330221011","3","11","2021-03-12"
"530330221012","3","11","2021-03-12"
"530330221013","3","11","2021-03-12"
"530330221014","3","11","2021-03-12"
"530330221021","3","11","2021-03-12"
"530330221022","3","11","2021-03-12"
"530330221023","3","11","2021-03-12"
"530330221024","3","11","2021-03-12"
"530330222011","3","11","2021-03-12"
"530330222012","3","11","2021-03-12"
"530330222013","3","11","2021-03-12"
"530330222014","3","11","2021-03-12"
"530330222021","3","11","2021-03-12"
"530330222022","3","11","2021-03-12"
"530330222023","3","11","2021-03-12"
"530330222024","3","11","2021-03-12"
"530330222025","3","11","2021-03-12"
"530330222031","3","11","2021-03-12"
"530330222032","3","11","2021-03-12"
"530330222033","3","11","2021-03-12"
"530330223001","2","11","2021-03-12"
"530330223002","3","11","2021-03-12"
"530330224001","3","11","2021-03-12"
"530330224002","3","11","2021-03-12"
"530330224003","3","11","2021-03-12"
"530330224004","3","11","2021-03-12"
"530330224005","3","11","2021-03-12"
"530330224006","3","11","2021-03-12"
"530330225001","3","11","2021-03-12"
"530330225002","3","11","2021-03-12"
"530330225003","3","11","2021-03-12"
"530330225004","2","11","2021-03-12"
"530330225005","3","11","2021-03-12"
"530330226031","2","11","2021-03-12"
"530330226032","3","11","2021-03-12"
"530330226033","4","11","2021-03-12"
"530330226034","4","11","2021-03-12"
"530330226035","3","11","2021-03-12"
"530330226041","3","11","2021-03-12"
"530330226042","3","11","2021-03-12"
"530330226043","3","11","2021-03-12"
"530330226051","3","11","2021-03-12"
"530330226052","3","11","2021-03-12"
"530330226053","4","11","2021-03-12"
"530330226061","3","11","2021-03-12"
"530330226062","3","11","2021-03-12"
"530330226063","3","11","2021-03-12"
"530330226064","3","11","2021-03-12"
"530330227011","3","11","2021-03-12"
"530330227012","3","11","2021-03-12"
"530330227021","3","11","2021-03-12"
"530330227022","4","11","2021-03-12"
"530330227023","3","11","2021-03-12"
"530330227031","3","11","2021-03-12"
"530330227032","3","11","2021-03-12"
"530330228011","4","11","2021-03-12"
"530330228012","4","11","2021-03-12"
"530330228013","3","11","2021-03-12"
"530330228014","3","11","2021-03-12"
"530330228021","4","11","2021-03-12"
"530330228022","3","11","2021-03-12"
"530330228023","3","11","2021-03-12"
"530330228031","4","11","2021-03-12"
"530330228032","3","11","2021-03-12"
"530330228033","4","11","2021-03-12"
"530330229011","3","11","2021-03-12"
"530330229012","3","11","2021-03-12"
"530330229021","3","11","2021-03-12"
"530330229022","3","11","2021-03-12"
"530330229023","3","11","2021-03-12"
"530330229024","3","11","2021-03-12"
"530330229025","3","11","2021-03-12"
"530330230001","3","11","2021-03-12"
"530330230002","3","11","2021-03-12"
"530330230003","3","11","2021-03-12"
"530330230004","3","11","2021-03-12"
"530330231001","3","11","2021-03-12"
"530330231002","3","11","2021-03-12"
"530330231003","3","11","2021-03-12"
"530330232011","3","11","2021-03-12"
"530330232012","3","11","2021-03-12"
"530330232013","4","11","2021-03-12"
"530330232021","3","11","2021-03-12"
"530330232022","3","11","2021-03-12"
"530330232023","3","11","2021-03-12"
"530330233001","3","11","2021-03-12"
"530330233002","3","11","2021-03-12"
"530330233003","3","11","2021-03-12"
"530330233004","3","11","2021-03-12"
"530330234011","3","11","2021-03-12"
"530330234012","3","11","2021-03-12"
"530330234013","3","11","2021-03-12"
"530330234031","3","11","2021-03-12"
"530330234032","3","11","2021-03-12"
"530330234033","3","11","2021-03-12"
"530330234041","3","11","2021-03-12"
"530330234042","3","11","2021-03-12"
"530330235001","3","11","2021-03-12"
"530330235002","3","11","2021-03-12"
"530330235003","3","11","2021-03-12"
"530330236011","3","11","2021-03-12"
"530330236012","3","11","2021-03-12"
"530330236013","3","11","2021-03-12"
"530330236031","3","11","2021-03-12"
"530330236032","4","11","2021-03-12"
"530330236033","3","11","2021-03-12"
"530330236034","4","11","2021-03-12"
"530330236041","4","11","2021-03-12"
"530330236042","3","11","2021-03-12"
"530330236043","3","11","2021-03-12"
"530330236044","4","11","2021-03-12"
"530330237001","3","11","2021-03-12"
"530330237002","3","11","2021-03-12"
"530330237003","4","11","2021-03-12"
"530330238011","3","11","2021-03-12"
"530330238012","4","11","2021-03-12"
"530330238031","3","11","2021-03-12"
"530330238032","4","11","2021-03-12"
"530330238041","3","11","2021-03-12"
"530330238042","3","11","2021-03-12"
"530330238043","3","11","2021-03-12"
"530330239001","3","11","2021-03-12"
"530330239002","3","11","2021-03-12"
"530330239003","3","11","2021-03-12"
"530330239004","3","11","2021-03-12"
"530330240001","3","11","2021-03-12"
"530330240002","3","11","2021-03-12"
"530330240003","3","11","2021-03-12"
"530330240004","3","11","2021-03-12"
"530330241001","3","11","2021-03-12"
"530330241002","3","11","2021-03-12"
"530330241003","3","11","2021-03-12"
"530330241004","3","11","2021-03-12"
"530330242001","3","11","2021-03-12"
"530330242002","3","11","2021-03-12"
"530330243001","3","11","2021-03-12"
"530330243002","3","11","2021-03-12"
"530330243003","3","11","2021-03-12"
"530330243004","3","11","2021-03-12"
"530330243005","3","11","2021-03-12"
"530330244001","2","11","2021-03-12"
"530330244002","3","11","2021-03-12"
"530330245001","3","11","2021-03-12"
"530330245002","3","11","2021-03-12"
"530330245003","3","11","2021-03-12"
"530330246011","3","11","2021-03-12"
"530330246012","3","11","2021-03-12"
"530330246013","3","11","2021-03-12"
"530330246021","3","11","2021-03-12"
"530330246022","3","11","2021-03-12"
"530330246023","3","11","2021-03-12"
"530330247011","3","11","2021-03-12"
"530330247012","3","11","2021-03-12"
"530330247013","3","11","2021-03-12"
"530330247021","3","11","2021-03-12"
"530330247022","3","11","2021-03-12"
"530330247023","3","11","2021-03-12"
"530330247024","3","11","2021-03-12"
"530330247025","3","11","2021-03-12"
"530330248001","3","11","2021-03-12"
"530330248002","3","11","2021-03-12"
"530330248003","3","11","2021-03-12"
"530330249011","3","11","2021-03-12"
"530330249012","3","11","2021-03-12"
"530330249013","3","11","2021-03-12"
"530330249014","3","11","2021-03-12"
"530330249021","3","11","2021-03-12"
"530330249022","3","11","2021-03-12"
"530330249023","3","11","2021-03-12"
"530330249031","3","11","2021-03-12"
"530330249032","3","11","2021-03-12"
"530330249033","3","11","2021-03-12"
"530330249034","3","11","2021-03-12"
"530330250011","3","11","2021-03-12"
"530330250012","3","11","2021-03-12"
"530330250013","3","11","2021-03-12"
"530330250014","3","11","2021-03-12"
"530330250031","2","11","2021-03-12"
"530330250032","3","11","2021-03-12"
"530330250033","3","11","2021-03-12"
"530330250034","3","11","2021-03-12"
"530330250035","3","11","2021-03-12"
"530330250051","3","11","2021-03-12"
"530330250052","3","11","2021-03-12"
"530330250061","3","11","2021-03-12"
"530330250062","3","11","2021-03-12"
"530330250063","3","11","2021-03-12"
"530330251011","3","11","2021-03-12"
"530330251012","3","11","2021-03-12"
"530330251013","3","11","2021-03-12"
"530330251014","3","11","2021-03-12"
"530330251021","3","11","2021-03-12"
"530330251022","3","11","2021-03-12"
"530330251023","3","11","2021-03-12"
"530330251024","3","11","2021-03-12"
"530330252001","3","11","2021-03-12"
"530330252002","4","11","2021-03-12"
"530330252003","3","11","2021-03-12"
"530330252004","3","11","2021-03-12"
"530330252005","3","11","2021-03-12"
"530330253011","3","11","2021-03-12"
"530330253012","3","11","2021-03-12"
"530330253013","4","11","2021-03-12"
"530330253021","3","11","2021-03-12"
"530330253022","3","11","2021-03-12"
"530330253023","4","11","2021-03-12"
"530330254001","3","11","2021-03-12"
"530330254002","4","11","2021-03-12"
"530330254003","4","11","2021-03-12"
"530330254004","3","11","2021-03-12"
"530330255001","4","11","2021-03-12"
"530330255002","3","11","2021-03-12"
"530330255003","3","11","2021-03-12"
"530330256011","3","11","2021-03-12"
"530330256012","3","11","2021-03-12"
"530330256013","3","11","2021-03-12"
"530330256021","3","11","2021-03-12"
"530330256022","3","11","2021-03-12"
"530330256023","3","11","2021-03-12"
"530330257011","3","11","2021-03-12"
"530330257012","4","11","2021-03-12"
"530330257013","4","11","2021-03-12"
"530330257014","4","11","2021-03-12"
"530330257015","3","11","2021-03-12"
"530330257021","3","11","2021-03-12"
"530330257022","3","11","2021-03-12"
"530330257023","3","11","2021-03-12"
"530330258031","3","11","2021-03-12"
"530330258032","4","11","2021-03-12"
"530330258033","4","11","2021-03-12"
"530330258041","3","11","2021-03-12"
"530330258042","3","11","2021-03-12"
"530330258043","3","11","2021-03-12"
"530330258051","3","11","2021-03-12"
"530330258052","3","11","2021-03-12"
"530330258053","3","11","2021-03-12"
"530330258061","3","11","2021-03-12"
"530330258062","4","11","2021-03-12"
"530330258063","3","11","2021-03-12"
"530330260011","3","11","2021-03-12"
"530330260012","3","11","2021-03-12"
"530330260013","3","11","2021-03-12"
"530330260014","3","11","2021-03-12"
"530330260015","3","11","2021-03-12"
"530330260021","4","11","2021-03-12"
"530330260022","3","11","2021-03-12"
"530330260023","3","11","2021-03-12"
"530330260024","3","11","2021-03-12"
"530330261001","3","11","2021-03-12"
"530330261002","4","11","2021-03-12"
"530330261003","3","11","2021-03-12"
"530330261004","4","11","2021-03-12"
"530330261005","3","11","2021-03-12"
"530330262001","4","11","2021-03-12"
"530330262002","3","11","2021-03-12"
"530330262003","3","11","2021-03-12"
"530330262004","3","11","2021-03-12"
"530330263001","3","11","2021-03-12"
"530330263002","3","11","2021-03-12"
"530330264001","3","11","2021-03-12"
"530330264002","4","11","2021-03-12"
"530330264003","3","11","2021-03-12"
"530330264004","3","11","2021-03-12"
"530330264005","3","11","2021-03-12"
"530330265001","4","11","2021-03-12"
"530330265002","4","11","2021-03-12"
"530330265003","3","11","2021-03-12"
"530330266001","3","11","2021-03-12"
"530330266002","3","11","2021-03-12"
"530330267001","3","11","2021-03-12"
"530330267002","4","11","2021-03-12"
"530330267003","2","11","2021-03-12"
"530330267004","3","11","2021-03-12"
"530330268011","3","11","2021-03-12"
"530330268012","3","11","2021-03-12"
"530330268013","3","11","2021-03-12"
"530330268014","4","11","2021-03-12"
"530330268021","4","11","2021-03-12"
"530330268022","3","11","2021-03-12"
"530330268023","3","11","2021-03-12"
"530330268024","3","11","2021-03-12"
"530330270001","3","11","2021-03-12"
"530330270002","3","11","2021-03-12"
"530330270003","3","11","2021-03-12"
"530330271001","3","11","2021-03-12"
"530330271002","3","11","2021-03-12"
"530330272001","3","11","2021-03-12"
"530330272002","4","11","2021-03-12"
"530330273001","3","11","2021-03-12"
"530330273002","4","11","2021-03-12"
"530330273003","3","11","2021-03-12"
"530330273004","3","11","2021-03-12"
"530330274001","3","11","2021-03-12"
"530330274002","3","11","2021-03-12"
"530330274003","3","11","2021-03-12"
"530330274004","3","11","2021-03-12"
"530330275001","3","11","2021-03-12"
"530330275002","3","11","2021-03-12"
"530330275003","3","11","2021-03-12"
"530330275004","3","11","2021-03-12"
"530330276001","4","11","2021-03-12"
"530330276002","4","11","2021-03-12"
"530330276003","2","11","2021-03-12"
"530330277011","2","11","2021-03-12"
"530330277012","3","11","2021-03-12"
"530330277013","3","11","2021-03-12"
"530330277014","2","11","2021-03-12"
"530330277015","3","11","2021-03-12"
"530330277021","2","11","2021-03-12"
"530330277022","2","11","2021-03-12"
"530330277023","3","11","2021-03-12"
"530330277024","2","11","2021-03-12"
"530330278001","3","11","2021-03-12"
"530330278002","2","11","2021-03-12"
"530330278003","3","11","2021-03-12"
"530330279001","3","11","2021-03-12"
"530330279002","3","11","2021-03-12"
"530330279003","3","11","2021-03-12"
"530330279004","3","11","2021-03-12"
"530330279005","3","11","2021-03-12"
"530330279006","3","11","2021-03-12"
"530330280001","4","11","2021-03-12"
"530330280002","3","11","2021-03-12"
"530330280003","3","11","2021-03-12"
"530330281001","3","11","2021-03-12"
"530330281002","4","11","2021-03-12"
"530330282001","3","11","2021-03-12"
"530330282002","4","11","2021-03-12"
"530330282003","4","11","2021-03-12"
"530330283001","3","11","2021-03-12"
"530330283002","3","11","2021-03-12"
"530330283003","3","11","2021-03-12"
"530330284021","4","11","2021-03-12"
"530330284022","3","11","2021-03-12"
"530330284023","3","11","2021-03-12"
"530330284024","4","11","2021-03-12"
"530330284031","3","11","2021-03-12"
"530330284032","3","11","2021-03-12"
"530330284033","3","11","2021-03-12"
"530330285001","3","11","2021-03-12"
"530330285002","3","11","2021-03-12"
"530330285003","3","11","2021-03-12"
"530330286001","2","11","2021-03-12"
"530330286002","2","11","2021-03-12"
"530330286003","3","11","2021-03-12"
"530330286004","3","11","2021-03-12"
"530330286005","3","11","2021-03-12"
"530330286006","3","11","2021-03-12"
"530330287001","3","11","2021-03-12"
"530330287002","3","11","2021-03-12"
"530330287003","3","11","2021-03-12"
"530330287004","3","11","2021-03-12"
"530330288011","2","11","2021-03-12"
"530330288012","3","11","2021-03-12"
"530330288013","3","11","2021-03-12"
"530330288021","3","11","2021-03-12"
"530330288022","3","11","2021-03-12"
"530330288023","4","11","2021-03-12"
"530330288024","4","11","2021-03-12"
"530330289011","3","11","2021-03-12"
"530330289012","2","11","2021-03-12"
"530330289013","3","11","2021-03-12"
"530330289014","2","11","2021-03-12"
"530330289021","4","11","2021-03-12"
"530330289022","3","11","2021-03-12"
"530330289023","3","11","2021-03-12"
"530330289024","4","11","2021-03-12"
"530330289025","4","11","2021-03-12"
"530330290011","2","11","2021-03-12"
"530330290012","3","11","2021-03-12"
"530330290013","3","11","2021-03-12"
"530330290014","3","11","2021-03-12"
"530330290031","3","11","2021-03-12"
"530330290032","3","11","2021-03-12"
"530330290033","3","11","2021-03-12"
"530330290034","4","11","2021-03-12"
"530330290035","3","11","2021-03-12"
"530330290041","3","11","2021-03-12"
"530330290042","4","11","2021-03-12"
"530330291011","3","11","2021-03-12"
"530330291012","3","11","2021-03-12"
"530330291021","3","11","2021-03-12"
"530330291022","3","11","2021-03-12"
"530330291023","3","11","2021-03-12"
"530330292031","4","11","2021-03-12"
"530330292032","3","11","2021-03-12"
"530330292041","4","11","2021-03-12"
"530330292042","4","11","2021-03-12"
"530330292043","3","11","2021-03-12"
"530330292044","4","11","2021-03-12"
"530330292051","3","11","2021-03-12"
"530330292052","4","11","2021-03-12"
"530330292053","3","11","2021-03-12"
"530330292061","4","11","2021-03-12"
"530330292062","3","11","2021-03-12"
"530330292063","4","11","2021-03-12"
"530330293031","3","11","2021-03-12"
"530330293032","3","11","2021-03-12"
"530330293033","3","11","2021-03-12"
"530330293034","3","11","2021-03-12"
"530330293035","3","11","2021-03-12"
"530330293041","3","11","2021-03-12"
"530330293042","3","11","2021-03-12"
"530330293043","3","11","2021-03-12"
"530330293044","3","11","2021-03-12"
"530330293051","3","11","2021-03-12"
"530330293052","3","11","2021-03-12"
"530330293053","3","11","2021-03-12"
"530330293054","3","11","2021-03-12"
"530330293061","3","11","2021-03-12"
"530330293062","3","11","2021-03-12"
"530330293071","3","11","2021-03-12"
"530330293072","3","11","2021-03-12"
"530330293073","3","11","2021-03-12"
"530330294031","3","11","2021-03-12"
"530330294032","3","11","2021-03-12"
"530330294033","4","11","2021-03-12"
"530330294051","3","11","2021-03-12"
"530330294052","3","11","2021-03-12"
"530330294053","3","11","2021-03-12"
"530330294054","3","11","2021-03-12"
"530330294055","3","11","2021-03-12"
"530330294061","3","11","2021-03-12"
"530330294062","3","11","2021-03-12"
"530330294071","4","11","2021-03-12"
"530330294072","3","11","2021-03-12"
"530330294073","3","11","2021-03-12"
"530330294081","3","11","2021-03-12"
"530330294082","3","11","2021-03-12"
"530330294083","3","11","2021-03-12"
"530330295021","4","11","2021-03-12"
"530330295022","3","11","2021-03-12"
"530330295023","3","11","2021-03-12"
"530330295024","3","11","2021-03-12"
"530330295031","3","11","2021-03-12"
"530330295032","3","11","2021-03-12"
"530330295033","4","11","2021-03-12"
"530330295034","4","11","2021-03-12"
"530330295035","4","11","2021-03-12"
"530330295041","4","11","2021-03-12"
"530330295042","3","11","2021-03-12"
"530330295043","4","11","2021-03-12"
"530330296011","4","11","2021-03-12"
"530330296012","3","11","2021-03-12"
"530330296013","4","11","2021-03-12"
"530330296014","3","11","2021-03-12"
"530330296015","4","11","2021-03-12"
"530330296021","3","11","2021-03-12"
"530330296022","3","11","2021-03-12"
"530330296023","3","11","2021-03-12"
"530330297001","4","11","2021-03-12"
"530330297002","3","11","2021-03-12"
"530330297003","3","11","2021-03-12"
"530330297004","3","11","2021-03-12"
"530330297005","4","11","2021-03-12"
"530330298011","4","11","2021-03-12"
"530330298012","3","11","2021-03-12"
"530330298013","3","11","2021-03-12"
"530330298014","3","11","2021-03-12"
"530330298015","3","11","2021-03-12"
"530330298021","3","11","2021-03-12"
"530330298022","3","11","2021-03-12"
"530330298023","3","11","2021-03-12"
"530330298024","3","11","2021-03-12"
"530330298025","3","11","2021-03-12"
"530330298026","4","11","2021-03-12"
"530330299011","3","11","2021-03-12"
"530330299012","3","11","2021-03-12"
"530330299013","4","11","2021-03-12"
"530330299021","3","11","2021-03-12"
"530330299022","3","11","2021-03-12"
"530330299023","3","11","2021-03-12"
"530330300031","3","11","2021-03-12"
"530330300032","3","11","2021-03-12"
"530330300033","3","11","2021-03-12"
"530330300034","3","11","2021-03-12"
"530330300035","4","11","2021-03-12"
"530330300041","4","11","2021-03-12"
"530330300042","4","11","2021-03-12"
"530330300043","4","11","2021-03-12"
"530330300044","3","11","2021-03-12"
"530330300045","3","11","2021-03-12"
"530330300046","3","11","2021-03-12"
"530330300051","4","11","2021-03-12"
"530330300052","3","11","2021-03-12"
"530330300053","4","11","2021-03-12"
"530330300061","3","11","2021-03-12"
"530330300062","3","11","2021-03-12"
"530330301001","2","11","2021-03-12"
"530330301002","3","11","2021-03-12"
"530330301003","2","11","2021-03-12"
"530330301004","3","11","2021-03-12"
"530330301005","4","11","2021-03-12"
"530330301006","3","11","2021-03-12"
"530330301007","3","11","2021-03-12"
"530330302011","3","11","2021-03-12"
"530330302012","4","11","2021-03-12"
"530330302013","3","11","2021-03-12"
"530330302014","3","11","2021-03-12"
"530330302021","3","11","2021-03-12"
"530330302022","3","11","2021-03-12"
"530330302023","3","11","2021-03-12"
"530330302024","4","11","2021-03-12"
"530330302025","3","11","2021-03-12"
"530330303041","3","11","2021-03-12"
"530330303042","4","11","2021-03-12"
"530330303051","3","11","2021-03-12"
"530330303052","3","11","2021-03-12"
"530330303053","2","11","2021-03-12"
"530330303061","3","11","2021-03-12"
"530330303062","3","11","2021-03-12"
"530330303063","3","11","2021-03-12"
"530330303064","4","11","2021-03-12"
"530330303081","3","11","2021-03-12"
"530330303082","4","11","2021-03-12"
"530330303083","3","11","2021-03-12"
"530330303084","3","11","2021-03-12"
"530330303091","3","11","2021-03-12"
"530330303092","4","11","2021-03-12"
"530330303093","3","11","2021-03-12"
"530330303094","4","11","2021-03-12"
"530330303101","3","11","2021-03-12"
"530330303102","3","11","2021-03-12"
"530330303103","3","11","2021-03-12"
"530330303104","4","11","2021-03-12"
"530330303111","3","11","2021-03-12"
"530330303112","4","11","2021-03-12"
"530330303113","3","11","2021-03-12"
"530330303114","4","11","2021-03-12"
"530330303121","3","11","2021-03-12"
"530330303122","3","11","2021-03-12"
"530330303123","4","11","2021-03-12"
"530330303124","3","11","2021-03-12"
"530330303131","3","11","2021-03-12"
"530330303132","4","11","2021-03-12"
"530330303141","3","11","2021-03-12"
"530330303142","3","11","2021-03-12"
"530330303143","2","11","2021-03-12"
"530330304011","3","11","2021-03-12"
"530330304012","3","11","2021-03-12"
"530330304013","3","11","2021-03-12"
"530330304014","3","11","2021-03-12"
"530330304015","4","11","2021-03-12"
"530330304031","2","11","2021-03-12"
"530330304032","3","11","2021-03-12"
"530330304033","3","11","2021-03-12"
"530330304041","3","11","2021-03-12"
"530330304042","3","11","2021-03-12"
"530330304043","2","11","2021-03-12"
"530330305011","3","11","2021-03-12"
"530330305012","3","11","2021-03-12"
"530330305031","3","11","2021-03-12"
"530330305032","3","11","2021-03-12"
"530330305041","3","11","2021-03-12"
"530330305042","3","11","2021-03-12"
"530330305043","4","11","2021-03-12"
"530330305044","2","11","2021-03-12"
"530330306001","3","11","2021-03-12"
"530330306002","3","11","2021-03-12"
"530330306003","3","11","2021-03-12"
"530330306004","3","11","2021-03-12"
"530330307001","3","11","2021-03-12"
"530330307002","4","11","2021-03-12"
"530330307003","3","11","2021-03-12"
"530330308011","4","11","2021-03-12"
"530330308012","4","11","2021-03-12"
"530330308013","3","11","2021-03-12"
"530330308021","3","11","2021-03-12"
"530330308022","3","11","2021-03-12"
"530330308023","3","11","2021-03-12"
"530330309011","4","11","2021-03-12"
"530330309012","3","11","2021-03-12"
"530330309021","4","11","2021-03-12"
"530330309022","3","11","2021-03-12"
"530330309023","4","11","2021-03-12"
"530330310001","3","11","2021-03-12"
"530330310002","3","11","2021-03-12"
"530330311001","4","11","2021-03-12"
"530330311002","3","11","2021-03-12"
"530330311003","3","11","2021-03-12"
"530330311004","4","11","2021-03-12"
"530330311005","3","11","2021-03-12"
"530330312021","3","11","2021-03-12"
"530330312022","4","11","2021-03-12"
"530330312023","2","11","2021-03-12"
"530330312024","3","11","2021-03-12"
"530330312025","3","11","2021-03-12"
"530330312041","3","11","2021-03-12"
"530330312042","3","11","2021-03-12"
"530330312043","2","11","2021-03-12"
"530330312044","3","11","2021-03-12"
"530330312045","3","11","2021-03-12"
"530330312051","3","11","2021-03-12"
"530330312052","4","11","2021-03-12"
"530330312053","4","11","2021-03-12"
"530330312061","4","11","2021-03-12"
"530330312062","3","11","2021-03-12"
"530330312063","4","11","2021-03-12"
"530330313011","3","11","2021-03-12"
"530330313012","3","11","2021-03-12"
"530330313021","3","11","2021-03-12"
"530330313022","3","11","2021-03-12"
"530330313023","3","11","2021-03-12"
"530330313024","4","11","2021-03-12"
"530330314001","3","11","2021-03-12"
"530330314002","3","11","2021-03-12"
"530330314003","3","11","2021-03-12"
"530330314004","3","11","2021-03-12"
"530330314005","3","11","2021-03-12"
"530330315011","3","11","2021-03-12"
"530330315012","3","11","2021-03-12"
"530330315013","3","11","2021-03-12"
"530330315021","3","11","2021-03-12"
"530330315022","2","11","2021-03-12"
"530330315023","3","11","2021-03-12"
"530330316011","3","11","2021-03-12"
"530330316012","3","11","2021-03-12"
"530330316013","3","11","2021-03-12"
"530330316031","4","11","2021-03-12"
"530330316032","3","11","2021-03-12"
"530330316033","3","11","2021-03-12"
"530330316034","3","11","2021-03-12"
"530330316041","3","11","2021-03-12"
"530330316042","3","11","2021-03-12"
"530330316043","4","11","2021-03-12"
"530330316051","3","11","2021-03-12"
"530330316052","3","11","2021-03-12"
"530330316053","3","11","2021-03-12"
"530330317031","2","11","2021-03-12"
"530330317032","3","11","2021-03-12"
"530330317033","3","11","2021-03-12"
"530330317034","3","11","2021-03-12"
"530330317035","3","11","2021-03-12"
"530330317041","3","11","2021-03-12"
"530330317042","3","11","2021-03-12"
"530330317043","4","11","2021-03-12"
"530330317051","3","11","2021-03-12"
"530330317052","3","11","2021-03-12"
"530330317053","3","11","2021-03-12"
"530330317061","3","11","2021-03-12"
"530330317062","3","11","2021-03-12"
"530330317063","3","11","2021-03-12"
"530330317064","3","11","2021-03-12"
"530330318001","3","11","2021-03-12"
"530330318002","3","11","2021-03-12"
"530330318003","2","11","2021-03-12"
"530330319031","3","11","2021-03-12"
"530330319032","3","11","2021-03-12"
"530330319033","3","11","2021-03-12"
"530330319034","3","11","2021-03-12"
"530330319035","3","11","2021-03-12"
"530330319041","3","11","2021-03-12"
"530330319042","3","11","2021-03-12"
"530330319043","3","11","2021-03-12"
"530330319061","3","11","2021-03-12"
"530330319062","3","11","2021-03-12"
"530330319071","3","11","2021-03-12"
"530330319072","2","11","2021-03-12"
"530330319073","3","11","2021-03-12"
"530330319074","3","11","2021-03-12"
"530330319075","3","11","2021-03-12"
"530330319081","3","11","2021-03-12"
"530330319082","4","11","2021-03-12"
"530330319083","3","11","2021-03-12"
"530330319091","3","11","2021-03-12"
"530330319092","3","11","2021-03-12"
"530330320021","3","11","2021-03-12"
"530330320022","3","11","2021-03-12"
"530330320031","3","11","2021-03-12"
"530330320032","3","11","2021-03-12"
"530330320033","3","11","2021-03-12"
"530330320034","3","11","2021-03-12"
"530330320051","3","11","2021-03-12"
"530330320052","3","11","2021-03-12"
"530330320053","3","11","2021-03-12"
"530330320054","3","11","2021-03-12"
"530330320055","3","11","2021-03-12"
"530330320056","3","11","2021-03-12"
"530330320061","3","11","2021-03-12"
"530330320062","3","11","2021-03-12"
"530330320063","3","11","2021-03-12"
"530330320071","3","11","2021-03-12"
"530330320072","3","11","2021-03-12"
"530330320073","3","11","2021-03-12"
"530330320081","3","11","2021-03-12"
"530330320082","3","11","2021-03-12"
"530330320083","3","11","2021-03-12"
"530330320101","3","11","2021-03-12"
"530330320102","3","11","2021-03-12"
"530330320103","3","11","2021-03-12"
"530330320104","4","11","2021-03-12"
"530330320111","3","11","2021-03-12"
"530330320112","3","11","2021-03-12"
"530330321021","3","11","2021-03-12"
"530330321022","3","11","2021-03-12"
"530330321023","3","11","2021-03-12"
"530330321024","3","11","2021-03-12"
"530330321031","3","11","2021-03-12"
"530330321032","3","11","2021-03-12"
"530330321033","4","11","2021-03-12"
"530330321034","3","11","2021-03-12"
"530330321041","3","11","2021-03-12"
"530330321042","3","11","2021-03-12"
"530330321043","3","11","2021-03-12"
"530330322031","3","11","2021-03-12"
"530330322032","3","11","2021-03-12"
"530330322033","3","11","2021-03-12"
"530330322034","3","11","2021-03-12"
"530330322071","3","11","2021-03-12"
"530330322072","3","11","2021-03-12"
"530330322073","3","11","2021-03-12"
"530330322081","3","11","2021-03-12"
"530330322082","2","11","2021-03-12"
"530330322083","3","11","2021-03-12"
"530330322084","3","11","2021-03-12"
"530330322085","3","11","2021-03-12"
"530330322101","3","11","2021-03-12"
"530330322102","3","11","2021-03-12"
"530330322103","3","11","2021-03-12"
"530330322111","3","11","2021-03-12"
"530330322112","3","11","2021-03-12"
"530330322113","3","11","2021-03-12"
"530330322121","3","11","2021-03-12"
"530330322122","3","11","2021-03-12"
"530330322123","3","11","2021-03-12"
"530330322124","3","11","2021-03-12"
"530330322131","3","11","2021-03-12"
"530330322132","3","11","2021-03-12"
"530330322133","3","11","2021-03-12"
"530330322141","3","11","2021-03-12"
"530330322142","3","11","2021-03-12"
"530330322143","3","11","2021-03-12"
"530330322151","3","11","2021-03-12"
"530330322152","3","11","2021-03-12"
"530330323071","3","11","2021-03-12"
"530330323072","3","11","2021-03-12"
"530330323073","3","11","2021-03-12"
"530330323074","3","11","2021-03-12"
"530330323075","3","11","2021-03-12"
"530330323091","4","11","2021-03-12"
"530330323092","4","11","2021-03-12"
"530330323093","3","11","2021-03-12"
"530330323111","2","11","2021-03-12"
"530330323112","3","11","2021-03-12"
"530330323113","3","11","2021-03-12"
"530330323114","3","11","2021-03-12"
"530330323115","3","11","2021-03-12"
"530330323131","3","11","2021-03-12"
"530330323132","3","11","2021-03-12"
"530330323133","3","11","2021-03-12"
"530330323134","4","11","2021-03-12"
"530330323151","3","11","2021-03-12"
"530330323152","3","11","2021-03-12"
"530330323153","3","11","2021-03-12"
"530330323161","3","11","2021-03-12"
"530330323162","3","11","2021-03-12"
"530330323163","3","11","2021-03-12"
"530330323164","3","11","2021-03-12"
"530330323171","3","11","2021-03-12"
"530330323172","3","11","2021-03-12"
"530330323173","3","11","2021-03-12"
"530330323174","3","11","2021-03-12"
"530330323175","3","11","2021-03-12"
"530330323181","3","11","2021-03-12"
"530330323182","3","11","2021-03-12"
"530330323183","3","11","2021-03-12"
"530330323184","3","11","2021-03-12"
"530330323191","3","11","2021-03-12"
"530330323192","3","11","2021-03-12"
"530330323193","3","11","2021-03-12"
"530330323194","3","11","2021-03-12"
"530330323201","3","11","2021-03-12"
"530330323202","3","11","2021-03-12"
"530330323203","3","11","2021-03-12"
"530330323211","3","11","2021-03-12"
"530330323212","3","11","2021-03-12"
"530330323213","3","11","2021-03-12"
"530330323214","3","11","2021-03-12"
"530330323221","3","11","2021-03-12"
"530330323222","3","11","2021-03-12"
"530330323223","3","11","2021-03-12"
"530330323231","3","11","2021-03-12"
"530330323232","3","11","2021-03-12"
"530330323233","3","11","2021-03-12"
"530330323234","3","11","2021-03-12"
"530330323241","3","11","2021-03-12"
"530330323242","3","11","2021-03-12"
"530330323243","3","11","2021-03-12"
"530330323244","3","11","2021-03-12"
"530330323251","3","11","2021-03-12"
"530330323252","4","11","2021-03-12"
"530330323253","3","11","2021-03-12"
"530330323261","3","11","2021-03-12"
"530330323262","3","11","2021-03-12"
"530330323263","3","11","2021-03-12"
"530330323271","2","11","2021-03-12"
"530330323272","3","11","2021-03-12"
"530330323281","3","11","2021-03-12"
"530330323282","3","11","2021-03-12"
"530330323283","3","11","2021-03-12"
"530330323291","3","11","2021-03-12"
"530330323292","3","11","2021-03-12"
"530330324011","3","11","2021-03-12"
"530330324012","3","11","2021-03-12"
"530330324013","3","11","2021-03-12"
"530330324014","3","11","2021-03-12"
"530330324021","3","11","2021-03-12"
"530330324022","3","11","2021-03-12"
"530330324023","3","11","2021-03-12"
"530330324024","3","11","2021-03-12"
"530330325001","3","11","2021-03-12"
"530330325002","3","11","2021-03-12"
"530330325003","3","11","2021-03-12"
"530330325004","3","11","2021-03-12"
"530330326011","3","11","2021-03-12"
"530330326012","3","11","2021-03-12"
"530330326021","3","11","2021-03-12"
"530330326022","3","11","2021-03-12"
"530330326023","3","11","2021-03-12"
"530330326024","3","11","2021-03-12"
"530330327021","3","11","2021-03-12"
"530330327022","3","11","2021-03-12"
"530330327023","3","11","2021-03-12"
"530330327024","3","11","2021-03-12"
"530330327025","3","11","2021-03-12"
"530330327026","3","11","2021-03-12"
"530330327031","3","11","2021-03-12"
"530330327032","3","11","2021-03-12"
"530330327041","3","11","2021-03-12"
"530330327042","3","11","2021-03-12"
"530330327043","3","11","2021-03-12"
"530330327044","3","11","2021-03-12"
"530330328001","3","11","2021-03-12"
"530330328002","3","11","2021-03-12"
"530330328003","2","11","2021-03-12"
"530530602001","3","11","2021-03-12"
"530530603001","2","11","2021-03-12"
"530530603002","3","11","2021-03-12"
"530530603003","3","11","2021-03-12"
"530530604001","3","11","2021-03-12"
"530530604002","3","11","2021-03-12"
"530530604003","3","11","2021-03-12"
"530530604004","3","11","2021-03-12"
"530530604005","3","11","2021-03-12"
"530530605001","3","11","2021-03-12"
"530530605002","3","11","2021-03-12"
"530530605003","3","11","2021-03-12"
"530530605004","3","11","2021-03-12"
"530530605005","3","11","2021-03-12"
"530530606001","3","11","2021-03-12"
"530530606002","3","11","2021-03-12"
"530530606003","4","11","2021-03-12"
"530530606004","3","11","2021-03-12"
"530530606005","3","11","2021-03-12"
"530530606006","3","11","2021-03-12"
"530530607001","3","11","2021-03-12"
"530530607002","3","11","2021-03-12"
"530530607003","4","11","2021-03-12"
"530530607004","4","11","2021-03-12"
"530530607005","4","11","2021-03-12"
"530530607006","4","11","2021-03-12"
"530530608001","3","11","2021-03-12"
"530530608002","3","11","2021-03-12"
"530530608003","4","11","2021-03-12"
"530530608004","3","11","2021-03-12"
"530530608005","3","11","2021-03-12"
"530530608006","3","11","2021-03-12"
"530530608007","3","11","2021-03-12"
"530530609031","3","11","2021-03-12"
"530530609032","3","11","2021-03-12"
"530530609033","2","11","2021-03-12"
"530530609041","3","11","2021-03-12"
"530530609042","3","11","2021-03-12"
"530530609043","4","11","2021-03-12"
"530530609044","3","11","2021-03-12"
"530530609051","3","11","2021-03-12"
"530530609052","3","11","2021-03-12"
"530530609053","4","11","2021-03-12"
"530530609054","3","11","2021-03-12"
"530530609055","2","11","2021-03-12"
"530530609061","3","11","2021-03-12"
"530530609062","3","11","2021-03-12"
"530530610011","3","11","2021-03-12"
"530530610012","2","11","2021-03-12"
"530530610013","2","11","2021-03-12"
"530530610021","2","11","2021-03-12"
"530530610022","3","11","2021-03-12"
"530530610023","3","11","2021-03-12"
"530530610024","3","11","2021-03-12"
"530530611001","3","11","2021-03-12"
"530530611002","3","11","2021-03-12"
"530530611003","3","11","2021-03-12"
"530530611004","1","11","2021-03-12"
"530530611005","3","11","2021-03-12"
"530530611006","3","11","2021-03-12"
"530530611007","4","11","2021-03-12"
"530530612001","3","11","2021-03-12"
"530530612002","3","11","2021-03-12"
"530530612003","4","11","2021-03-12"
"530530612004","3","11","2021-03-12"
"530530612005","3","11","2021-03-12"
"530530612006","4","11","2021-03-12"
"530530613001","3","11","2021-03-12"
"530530613002","4","11","2021-03-12"
"530530613003","4","11","2021-03-12"
"530530613004","3","11","2021-03-12"
"530530613005","4","11","2021-03-12"
"530530613006","4","11","2021-03-12"
"530530614001","4","11","2021-03-12"
"530530614002","3","11","2021-03-12"
"530530614003","3","11","2021-03-12"
"530530615001","3","11","2021-03-12"
"530530615002","3","11","2021-03-12"
"530530615003","4","11","2021-03-12"
"530530615004","4","11","2021-03-12"
"530530616011","3","11","2021-03-12"
"530530616021","3","11","2021-03-12"
"530530617001","3","11","2021-03-12"
"530530617002","4","11","2021-03-12"
"530530617003","4","11","2021-03-12"
"530530617004","4","11","2021-03-12"
"530530617005","3","11","2021-03-12"
"530530618001","4","11","2021-03-12"
"530530618002","3","11","2021-03-12"
"530530618003","3","11","2021-03-12"
"530530619001","3","11","2021-03-12"
"530530619002","3","11","2021-03-12"
"530530620001","3","11","2021-03-12"
"530530620002","4","11","2021-03-12"
"530530620003","4","11","2021-03-12"
"530530620004","3","11","2021-03-12"
"530530623001","3","11","2021-03-12"
"530530623002","3","11","2021-03-12"
"530530623003","3","11","2021-03-12"
"530530623004","4","11","2021-03-12"
"530530624001","4","11","2021-03-12"
"530530624002","4","11","2021-03-12"
"530530624003","4","11","2021-03-12"
"530530624004","3","11","2021-03-12"
"530530624005","4","11","2021-03-12"
"530530625001","3","11","2021-03-12"
"530530625002","4","11","2021-03-12"
"530530625003","3","11","2021-03-12"
"530530625004","3","11","2021-03-12"
"530530625005","4","11","2021-03-12"
"530530625006","3","11","2021-03-12"
"530530625007","3","11","2021-03-12"
"530530626001","4","11","2021-03-12"
"530530626002","3","11","2021-03-12"
"530530628011","4","11","2021-03-12"
"530530628012","4","11","2021-03-12"
"530530628013","4","11","2021-03-12"
"530530628014","4","11","2021-03-12"
"530530628021","4","11","2021-03-12"
"530530628022","3","11","2021-03-12"
"530530628023","3","11","2021-03-12"
"530530629001","4","11","2021-03-12"
"530530629002","3","11","2021-03-12"
"530530629003","3","11","2021-03-12"
"530530629004","3","11","2021-03-12"
"530530629005","3","11","2021-03-12"
"530530629006","3","11","2021-03-12"
"530530630001","3","11","2021-03-12"
"530530630002","4","11","2021-03-12"
"530530631001","3","11","2021-03-12"
"530530631002","3","11","2021-03-12"
"530530631003","3","11","2021-03-12"
"530530631004","3","11","2021-03-12"
"530530632001","4","11","2021-03-12"
"530530632002","3","11","2021-03-12"
"530530632003","3","11","2021-03-12"
"530530632004","3","11","2021-03-12"
"530530632005","3","11","2021-03-12"
"530530633001","4","11","2021-03-12"
"530530633002","3","11","2021-03-12"
"530530633003","3","11","2021-03-12"
"530530633004","3","11","2021-03-12"
"530530633005","4","11","2021-03-12"
"530530634001","3","11","2021-03-12"
"530530634002","4","11","2021-03-12"
"530530634003","3","11","2021-03-12"
"530530634004","3","11","2021-03-12"
"530530634005","2","11","2021-03-12"
"530530634006","4","11","2021-03-12"
"530530635011","3","11","2021-03-12"
"530530635012","3","11","2021-03-12"
"530530635013","3","11","2021-03-12"
"530530635014","3","11","2021-03-12"
"530530635021","4","11","2021-03-12"
"530530635022","3","11","2021-03-12"
"530530635023","3","11","2021-03-12"
"530530701001","3","11","2021-03-12"
"530530701003","3","11","2021-03-12"
"530530701004","3","11","2021-03-12"
"530530702031","3","11","2021-03-12"
"530530702032","3","11","2021-03-12"
"530530702033","3","11","2021-03-12"
"530530702041","4","11","2021-03-12"
"530530702042","3","11","2021-03-12"
"530530702051","3","11","2021-03-12"
"530530702052","3","11","2021-03-12"
"530530702061","3","11","2021-03-12"
"530530702062","3","11","2021-03-12"
"530530702063","3","11","2021-03-12"
"530530702071","3","11","2021-03-12"
"530530702072","3","11","2021-03-12"
"530530702073","3","11","2021-03-12"
"530530702074","3","11","2021-03-12"
"530530703071","4","11","2021-03-12"
"530530703072","3","11","2021-03-12"
"530530703073","3","11","2021-03-12"
"530530703081","4","11","2021-03-12"
"530530703082","3","11","2021-03-12"
"530530703091","3","11","2021-03-12"
"530530703092","3","11","2021-03-12"
"530530703093","3","11","2021-03-12"
"530530703101","3","11","2021-03-12"
"530530703102","3","11","2021-03-12"
"530530703103","3","11","2021-03-12"
"530530703104","3","11","2021-03-12"
"530530703111","3","11","2021-03-12"
"530530703112","4","11","2021-03-12"
"530530703113","3","11","2021-03-12"
"530530703121","3","11","2021-03-12"
"530530703122","3","11","2021-03-12"
"530530703123","4","11","2021-03-12"
"530530703131","3","11","2021-03-12"
"530530703132","3","11","2021-03-12"
"530530703133","4","11","2021-03-12"
"530530703134","4","11","2021-03-12"
"530530703135","3","11","2021-03-12"
"530530703141","3","11","2021-03-12"
"530530703142","3","11","2021-03-12"
"530530703151","3","11","2021-03-12"
"530530703152","3","11","2021-03-12"
"530530703153","3","11","2021-03-12"
"530530703154","3","11","2021-03-12"
"530530703161","3","11","2021-03-12"
"530530703162","3","11","2021-03-12"
"530530704011","3","11","2021-03-12"
"530530704012","3","11","2021-03-12"
"530530704031","3","11","2021-03-12"
"530530704032","3","11","2021-03-12"
"530530704033","3","11","2021-03-12"
"530530704041","4","11","2021-03-12"
"530530704042","3","11","2021-03-12"
"530530707031","4","11","2021-03-12"
"530530707032","3","11","2021-03-12"
"530530707033","3","11","2021-03-12"
"530530707034","3","11","2021-03-12"
"530530707035","3","11","2021-03-12"
"530530711001","3","11","2021-03-12"
"530530711002","3","11","2021-03-12"
"530530712051","3","11","2021-03-12"
"530530712052","3","11","2021-03-12"
"530530712061","2","11","2021-03-12"
"530530712062","3","11","2021-03-12"
"530530712063","3","11","2021-03-12"
"530530712064","3","11","2021-03-12"
"530530712071","3","11","2021-03-12"
"530530712072","4","11","2021-03-12"
"530530712073","4","11","2021-03-12"
"530530712081","3","11","2021-03-12"
"530530712082","2","11","2021-03-12"
"530530712083","4","11","2021-03-12"
"530530712091","3","11","2021-03-12"
"530530712092","3","11","2021-03-12"
"530530712093","3","11","2021-03-12"
"530530712101","3","11","2021-03-12"
"530530712102","3","11","2021-03-12"
"530530712103","3","11","2021-03-12"
"530530713041","3","11","2021-03-12"
"530530713042","4","11","2021-03-12"
"530530713043","3","11","2021-03-12"
"530530713051","3","11","2021-03-12"
"530530713052","3","11","2021-03-12"
"530530713061","4","11","2021-03-12"
"530530713062","3","11","2021-03-12"
"530530713063","3","11","2021-03-12"
"530530713064","3","11","2021-03-12"
"530530713071","3","11","2021-03-12"
"530530713072","3","11","2021-03-12"
"530530713073","3","11","2021-03-12"
"530530713091","3","11","2021-03-12"
"530530713092","4","11","2021-03-12"
"530530713093","3","11","2021-03-12"
"530530713101","3","11","2021-03-12"
"530530713102","3","11","2021-03-12"
"530530714031","3","11","2021-03-12"
"530530714032","4","11","2021-03-12"
"530530714033","3","11","2021-03-12"
"530530714061","4","11","2021-03-12"
"530530714062","3","11","2021-03-12"
"530530714063","3","11","2021-03-12"
"530530714064","3","11","2021-03-12"
"530530714071","3","11","2021-03-12"
"530530714072","3","11","2021-03-12"
"530530714073","4","11","2021-03-12"
"530530714074","4","11","2021-03-12"
"530530714081","3","11","2021-03-12"
"530530714082","3","11","2021-03-12"
"530530714083","3","11","2021-03-12"
"530530714091","4","11","2021-03-12"
"530530714092","3","11","2021-03-12"
"530530714093","3","11","2021-03-12"
"530530714094","4","11","2021-03-12"
"530530714101","3","11","2021-03-12"
"530530714102","4","11","2021-03-12"
"530530714103","4","11","2021-03-12"
"530530714104","3","11","2021-03-12"
"530530714111","4","11","2021-03-12"
"530530714112","4","11","2021-03-12"
"530530714113","4","11","2021-03-12"
"530530715031","3","11","2021-03-12"
"530530715032","4","11","2021-03-12"
"530530715033","3","11","2021-03-12"
"530530715034","2","11","2021-03-12"
"530530715041","4","11","2021-03-12"
"530530715042","4","11","2021-03-12"
"530530715043","3","11","2021-03-12"
"530530715044","4","11","2021-03-12"
"530530715051","4","11","2021-03-12"
"530530715052","3","11","2021-03-12"
"530530715053","2","11","2021-03-12"
"530530715054","3","11","2021-03-12"
"530530715061","3","11","2021-03-12"
"530530715062","3","11","2021-03-12"
"530530715063","3","11","2021-03-12"
"530530716011","4","11","2021-03-12"
"530530716012","3","11","2021-03-12"
"530530716021","4","11","2021-03-12"
"530530716022","3","11","2021-03-12"
"530530716023","3","11","2021-03-12"
"530530716024","4","11","2021-03-12"
"530530717031","4","11","2021-03-12"
"530530717032","4","11","2021-03-12"
"530530717041","4","11","2021-03-12"
"530530717042","4","11","2021-03-12"
"530530717043","4","11","2021-03-12"
"530530717051","3","11","2021-03-12"
"530530717052","3","11","2021-03-12"
"530530717053","3","11","2021-03-12"
"530530717061","4","11","2021-03-12"
"530530717071","4","11","2021-03-12"
"530530717072","3","11","2021-03-12"
"530530717073","3","11","2021-03-12"
"530530718031","4","11","2021-03-12"
"530530718032","3","11","2021-03-12"
"530530718033","4","11","2021-03-12"
"530530718034","3","11","2021-03-12"
"530530718051","4","11","2021-03-12"
"530530718052","3","11","2021-03-12"
"530530718053","4","11","2021-03-12"
"530530718061","4","11","2021-03-12"
"530530718062","4","11","2021-03-12"
"530530718071","4","11","2021-03-12"
"530530718072","3","11","2021-03-12"
"530530718081","4","11","2021-03-12"
"530530718082","3","11","2021-03-12"
"530530718083","4","11","2021-03-12"
"530530719011","3","11","2021-03-12"
"530530719012","3","11","2021-03-12"
"530530719013","2","11","2021-03-12"
"530530719014","3","11","2021-03-12"
"530530719021","3","11","2021-03-12"
"530530719022","3","11","2021-03-12"
"530530719023","3","11","2021-03-12"
"530530719024","3","11","2021-03-12"
"530530719025","2","11","2021-03-12"
"530530720001","4","11","2021-03-12"
"530530720002","3","11","2021-03-12"
"530530720003","4","11","2021-03-12"
"530530720004","4","11","2021-03-12"
"530530721051","3","11","2021-03-12"
"530530721052","3","11","2021-03-12"
"530530721053","3","11","2021-03-12"
"530530721054","3","11","2021-03-12"
"530530721061","3","11","2021-03-12"
"530530721062","2","11","2021-03-12"
"530530721063","4","11","2021-03-12"
"530530721064","4","11","2021-03-12"
"530530721071","3","11","2021-03-12"
"530530721072","3","11","2021-03-12"
"530530721073","2","11","2021-03-12"
"530530721074","3","11","2021-03-12"
"530530721081","4","11","2021-03-12"
"530530721082","3","11","2021-03-12"
"530530721083","3","11","2021-03-12"
"530530721084","4","11","2021-03-12"
"530530721085","3","11","2021-03-12"
"530530721091","3","11","2021-03-12"
"530530721092","3","11","2021-03-12"
"530530721111","3","11","2021-03-12"
"530530721112","3","11","2021-03-12"
"530530721121","3","11","2021-03-12"
"530530721122","4","11","2021-03-12"
"530530721123","4","11","2021-03-12"
"530530723051","3","11","2021-03-12"
"530530723052","3","11","2021-03-12"
"530530723053","4","11","2021-03-12"
"530530723054","2","11","2021-03-12"
"530530723055","3","11","2021-03-12"
"530530723056","2","11","2021-03-12"
"530530723071","4","11","2021-03-12"
"530530723072","3","11","2021-03-12"
"530530723073","3","11","2021-03-12"
"530530723074","3","11","2021-03-12"
"530530723081","4","11","2021-03-12"
"530530723082","3","11","2021-03-12"
"530530723083","3","11","2021-03-12"
"530530723084","3","11","2021-03-12"
"530530723085","3","11","2021-03-12"
"530530723091","3","11","2021-03-12"
"530530723092","4","11","2021-03-12"
"530530723093","4","11","2021-03-12"
"530530723094","4","11","2021-03-12"
"530530723101","3","11","2021-03-12"
"530530723102","3","11","2021-03-12"
"530530723103","3","11","2021-03-12"
"530530723111","3","11","2021-03-12"
"530530723112","4","11","2021-03-12"
"530530723113","3","11","2021-03-12"
"530530723121","3","11","2021-03-12"
"530530723122","4","11","2021-03-12"
"530530723123","4","11","2021-03-12"
"530530723131","3","11","2021-03-12"
"530530723132","3","11","2021-03-12"
"530530724051","3","11","2021-03-12"
"530530724052","3","11","2021-03-12"
"530530724061","3","11","2021-03-12"
"530530724062","3","11","2021-03-12"
"530530724063","3","11","2021-03-12"
"530530724071","3","11","2021-03-12"
"530530724072","3","11","2021-03-12"
"530530724073","3","11","2021-03-12"
"530530724081","2","11","2021-03-12"
"530530724082","3","11","2021-03-12"
"530530724083","3","11","2021-03-12"
"530530724084","3","11","2021-03-12"
"530530724091","3","11","2021-03-12"
"530530724092","3","11","2021-03-12"
"530530724101","3","11","2021-03-12"
"530530724102","3","11","2021-03-12"
"530530725031","3","11","2021-03-12"
"530530725032","3","11","2021-03-12"
"530530725041","3","11","2021-03-12"
"530530725042","3","11","2021-03-12"
"530530725051","3","11","2021-03-12"
"530530725052","3","11","2021-03-12"
"530530725053","3","11","2021-03-12"
"530530725054","3","11","2021-03-12"
"530530725061","2","11","2021-03-12"
"530530725062","3","11","2021-03-12"
"530530725071","2","11","2021-03-12"
"530530725072","2","11","2021-03-12"
"530530726011","3","11","2021-03-12"
"530530726012","3","11","2021-03-12"
"530530726013","3","11","2021-03-12"
"530530726021","2","11","2021-03-12"
"530530726022","3","11","2021-03-12"
"530530726023","2","11","2021-03-12"
"530530726031","3","11","2021-03-12"
"530530726032","3","11","2021-03-12"
"530530726033","2","11","2021-03-12"
"530530726034","3","11","2021-03-12"
"530530728001","3","11","2021-03-12"
"530530728002","4","11","2021-03-12"
"530530729011","4","11","2021-03-12"
"530530729031","4","11","2021-03-12"
"530530729051","4","11","2021-03-12"
"530530729052","4","11","2021-03-12"
"530530729053","4","11","2021-03-12"
"530530729061","4","11","2021-03-12"
"530530729062","4","11","2021-03-12"
"530530729071","4","11","2021-03-12"
"530530729072","4","11","2021-03-12"
"530530730011","2","11","2021-03-12"
"530530730012","4","11","2021-03-12"
"530530730013","3","11","2021-03-12"
"530530730014","3","11","2021-03-12"
"530530730015","3","11","2021-03-12"
"530530730051","3","11","2021-03-12"
"530530730052","3","11","2021-03-12"
"530530730053","3","11","2021-03-12"
"530530730054","3","11","2021-03-12"
"530530730061","3","11","2021-03-12"
"530530730062","3","11","2021-03-12"
"530530731081","3","11","2021-03-12"
"530530731082","4","11","2021-03-12"
"530530731083","4","11","2021-03-12"
"530530731101","3","11","2021-03-12"
"530530731102","3","11","2021-03-12"
"530530731111","3","11","2021-03-12"
"530530731112","3","11","2021-03-12"
"530530731113","3","11","2021-03-12"
"530530731131","3","11","2021-03-12"
"530530731132","4","11","2021-03-12"
"530530731133","4","11","2021-03-12"
"530530731141","3","11","2021-03-12"
"530530731142","4","11","2021-03-12"
"530530731143","3","11","2021-03-12"
"530530731151","3","11","2021-03-12"
"530530731152","3","11","2021-03-12"
"530530731153","3","11","2021-03-12"
"530530731161","3","11","2021-03-12"
"530530731162","3","11","2021-03-12"
"530530731171","3","11","2021-03-12"
"530530731172","3","11","2021-03-12"
"530530731181","4","11","2021-03-12"
"530530731182","3","11","2021-03-12"
"530530731191","3","11","2021-03-12"
"530530731192","3","11","2021-03-12"
"530530731201","3","11","2021-03-12"
"530530731202","4","11","2021-03-12"
"530530731211","3","11","2021-03-12"
"530530731212","3","11","2021-03-12"
"530530731221","4","11","2021-03-12"
"530530731222","3","11","2021-03-12"
"530530731231","3","11","2021-03-12"
"530530731232","3","11","2021-03-12"
"530530731241","3","11","2021-03-12"
"530530731242","4","11","2021-03-12"
"530530731251","3","11","2021-03-12"
"530530731252","4","11","2021-03-12"
"530530731253","3","11","2021-03-12"
"530530731261","4","11","2021-03-12"
"530530732001","3","11","2021-03-12"
"530530732002","3","11","2021-03-12"
"530530732003","3","11","2021-03-12"
"530530732004","3","11","2021-03-12"
"530530733011","4","11","2021-03-12"
"530530733012","2","11","2021-03-12"
"530530733013","3","11","2021-03-12"
"530530733014","3","11","2021-03-12"
"530530733021","3","11","2021-03-12"
"530530733022","3","11","2021-03-12"
"530530733023","3","11","2021-03-12"
"530530734041","3","11","2021-03-12"
"530530734042","2","11","2021-03-12"
"530530734043","3","11","2021-03-12"
"530530734044","3","11","2021-03-12"
"530530734045","3","11","2021-03-12"
"530530734051","3","11","2021-03-12"
"530530734052","3","11","2021-03-12"
"530530734061","3","11","2021-03-12"
"530530734062","3","11","2021-03-12"
"530530734063","4","11","2021-03-12"
"530530734071","3","11","2021-03-12"
"530530734072","3","11","2021-03-12"
"530530734073","3","11","2021-03-12"
"530530734081","3","11","2021-03-12"
"530530734082","3","11","2021-03-12"
"530530734083","3","11","2021-03-12"
"530530735001","3","11","2021-03-12"
"530530735002","3","11","2021-03-12"
"530530735003","3","11","2021-03-12"
"530530735004","3","11","2021-03-12"
"530530735005","3","11","2021-03-12"
"530530735006","2","11","2021-03-12"
"530539400011","3","11","2021-03-12"
"530539400012","3","11","2021-03-12"
"530539400021","3","11","2021-03-12"
"530539400022","4","11","2021-03-12"
"530539400023","3","11","2021-03-12"
"530539400031","4","11","2021-03-12"
"530539400032","4","11","2021-03-12"
"530539400033","4","11","2021-03-12"
"530539400041","3","11","2021-03-12"
"530539400042","3","11","2021-03-12"
"530539400043","3","11","2021-03-12"
"530539400044","3","11","2021-03-12"
"530539400045","3","11","2021-03-12"
"530539400046","3","11","2021-03-12"
"530539400051","3","11","2021-03-12"
"530539400052","3","11","2021-03-12"
"530539400053","3","11","2021-03-12"
"530539400061","4","11","2021-03-12"
"530539400062","4","11","2021-03-12"
"530539400071","3","11","2021-03-12"
"530539400072","3","11","2021-03-12"
"530539400073","4","11","2021-03-12"
"530539400081","3","11","2021-03-12"
"530539400082","3","11","2021-03-12"
"530539400083","3","11","2021-03-12"
"530539400091","3","11","2021-03-12"
"530539400092","3","11","2021-03-12"
"530539400101","4","11","2021-03-12"
"530539400102","3","11","2021-03-12"
"530539400103","3","11","2021-03-12"
"530539400111","3","11","2021-03-12"
"530539400112","3","11","2021-03-12"
"530539400113","3","11","2021-03-12"
"530670101001","2","11","2021-03-12"
"530670101002","3","11","2021-03-12"
"530670101003","3","11","2021-03-12"
"530670101004","3","11","2021-03-12"
"530670102001","2","11","2021-03-12"
"530670102002","3","11","2021-03-12"
"530670102003","3","11","2021-03-12"
"530670103001","3","11","2021-03-12"
"530670103002","3","11","2021-03-12"
"530670103003","4","11","2021-03-12"
"530670103004","4","11","2021-03-12"
"530670104001","3","11","2021-03-12"
"530670104002","3","11","2021-03-12"
"530670104003","3","11","2021-03-12"
"530670105101","3","11","2021-03-12"
"530670105201","3","11","2021-03-12"
"530670105202","4","11","2021-03-12"
"530670105203","2","11","2021-03-12"
"530670105204","3","11","2021-03-12"
"530670106001","3","11","2021-03-12"
"530670106002","2","11","2021-03-12"
"530670106003","4","11","2021-03-12"
"530670106004","3","11","2021-03-12"
"530670106005","4","11","2021-03-12"
"530670107001","3","11","2021-03-12"
"530670107002","3","11","2021-03-12"
"530670107003","2","11","2021-03-12"
"530670108001","3","11","2021-03-12"
"530670108002","3","11","2021-03-12"
"530670108003","3","11","2021-03-12"
"530670108004","3","11","2021-03-12"
"530670108005","3","11","2021-03-12"
"530670109101","3","11","2021-03-12"
"530670109102","3","11","2021-03-12"
"530670109103","3","11","2021-03-12"
"530670109104","4","11","2021-03-12"
"530670109201","2","11","2021-03-12"
"530670109202","3","11","2021-03-12"
"530670109203","3","11","2021-03-12"
"530670110001","2","11","2021-03-12"
"530670110002","3","11","2021-03-12"
"530670110003","3","11","2021-03-12"
"530670111001","3","11","2021-03-12"
"530670111002","3","11","2021-03-12"
"530670112001","3","11","2021-03-12"
"530670112002","4","11","2021-03-12"
"530670112003","4","11","2021-03-12"
"530670112004","2","11","2021-03-12"
"530670113001","3","11","2021-03-12"
"530670113002","1","11","2021-03-12"
"530670113003","4","11","2021-03-12"
"530670113004","3","11","2021-03-12"
"530670114101","4","11","2021-03-12"
"530670114102","3","11","2021-03-12"
"530670114103","3","11","2021-03-12"
"530670114104","3","11","2021-03-12"
"530670114201","3","11","2021-03-12"
"530670114202","4","11","2021-03-12"
"530670114203","3","11","2021-03-12"
"530670114204","4","11","2021-03-12"
"530670115001","3","11","2021-03-12"
"530670115002","4","11","2021-03-12"
"530670115003","3","11","2021-03-12"
"530670115004","3","11","2021-03-12"
"530670115005","3","11","2021-03-12"
"530670116101","3","11","2021-03-12"
"530670116102","2","11","2021-03-12"
"530670116103","3","11","2021-03-12"
"530670116104","3","11","2021-03-12"
"530670116211","3","11","2021-03-12"
"530670116212","3","11","2021-03-12"
"530670116213","4","11","2021-03-12"
"530670116221","3","11","2021-03-12"
"530670116222","3","11","2021-03-12"
"530670116223","4","11","2021-03-12"
"530670116231","3","11","2021-03-12"
"530670116232","4","11","2021-03-12"
"530670116241","3","11","2021-03-12"
"530670116242","3","11","2021-03-12"
"530670117101","3","11","2021-03-12"
"530670117102","3","11","2021-03-12"
"530670117103","3","11","2021-03-12"
"530670117104","3","11","2021-03-12"
"530670117201","3","11","2021-03-12"
"530670117202","3","11","2021-03-12"
"530670118101","3","11","2021-03-12"
"530670118102","3","11","2021-03-12"
"530670118211","3","11","2021-03-12"
"530670118212","3","11","2021-03-12"
"530670118213","3","11","2021-03-12"
"530670118221","3","11","2021-03-12"
"530670118222","3","11","2021-03-12"
"530670118223","3","11","2021-03-12"
"530670119001","3","11","2021-03-12"
"530670119002","3","11","2021-03-12"
"530670119003","3","11","2021-03-12"
"530670119004","3","11","2021-03-12"
"530670119005","3","11","2021-03-12"
"530670120001","3","11","2021-03-12"
"530670120002","3","11","2021-03-12"
"530670120003","3","11","2021-03-12"
"530670121001","3","11","2021-03-12"
"530670121002","2","11","2021-03-12"
"530670121003","2","11","2021-03-12"
"530670121004","3","11","2021-03-12"
"530670122111","2","11","2021-03-12"
"530670122112","3","11","2021-03-12"
"530670122121","3","11","2021-03-12"
"530670122122","3","11","2021-03-12"
"530670122123","3","11","2021-03-12"
"530670122124","3","11","2021-03-12"
"530670122211","3","11","2021-03-12"
"530670122212","3","11","2021-03-12"
"530670122213","3","11","2021-03-12"
"530670122221","3","11","2021-03-12"
"530670122222","3","11","2021-03-12"
"530670123101","4","11","2021-03-12"
"530670123102","3","11","2021-03-12"
"530670123103","3","11","2021-03-12"
"530670123104","3","11","2021-03-12"
"530670123105","3","11","2021-03-12"
"530670123201","2","11","2021-03-12"
"530670123202","3","11","2021-03-12"
"530670123301","4","11","2021-03-12"
"530670123302","4","11","2021-03-12"
"530670124111","4","11","2021-03-12"
"530670124112","3","11","2021-03-12"
"530670124113","3","11","2021-03-12"
"530670124121","4","11","2021-03-12"
"530670124122","3","11","2021-03-12"
"530670124201","3","11","2021-03-12"
"530670124202","3","11","2021-03-12"
"530670124203","3","11","2021-03-12"
"530670125101","3","11","2021-03-12"
"530670125201","3","11","2021-03-12"
"530670125202","3","11","2021-03-12"
"530670125203","3","11","2021-03-12"
"530670125204","2","11","2021-03-12"
"530670125301","3","11","2021-03-12"
"530670125302","3","11","2021-03-12"
"530670125303","3","11","2021-03-12"
"530670126101","2","11","2021-03-12"
"530670126102","3","11","2021-03-12"
"530670126103","3","11","2021-03-12"
"530670126104","3","11","2021-03-12"
"530670126105","3","11","2021-03-12"
"530670126201","3","11","2021-03-12"
"530670126202","3","11","2021-03-12"
"530670126203","3","11","2021-03-12"
"530670126204","3","11","2021-03-12"
"530670126205","3","11","2021-03-12"
"530670127101","3","11","2021-03-12"
"530670127201","3","11","2021-03-12"
"530670127202","3","11","2021-03-12"
"530670127203","3","11","2021-03-12"
"530670127204","4","11","2021-03-12"
"530670127205","3","11","2021-03-12"
"530670127301","3","11","2021-03-12"
"530670127302","3","11","2021-03-12"
"530670127303","3","11","2021-03-12"
